id;filial;titulo;conta;valor_nf;Valor Oficial;observacao;credor_forn_cli_func;Dados auxiliares;data_nf;data_pagamento;Sistema;Origem
2782;G3S MARINGA;CTE-117;TRANSPORTE DE SUCATA;6923.4;-6923.4; -  DOCUMENTO ELETRÔNICO REFERENCIADO;GSL LOGISTICA E TRANSPORTE LTDA;-;2026-01-07;2026-01-15 00:00:00;SAGI;Saídas (Aplicações)
480;G3S MARINGA;CTE-118;LOCACAO DE CONTEINER E CACAMBAS;6010.4;-6010.4; -  DOCUMENTO ELETRÔNICO REFERENCIADO;GSL LOGISTICA E TRANSPORTE LTDA;-;2026-01-07;2026-01-09 00:00:00;SAGI;Saídas (Aplicações)
481;G3S MARINGA;CTE-119;TRANSPORTE DE SUCATA;6311.8;-6311.8; -  DOCUMENTO ELETRÔNICO REFERENCIADO;GSL LOGISTICA E TRANSPORTE LTDA;-;2026-01-07;2026-01-09 00:00:00;SAGI;Saídas (Aplicações)
482;G3S MARINGA;CTE-120;TRANSPORTE DE SUCATA;6164.4;-6164.4; -  DOCUMENTO ELETRÔNICO REFERENCIADO;GSL LOGISTICA E TRANSPORTE LTDA;-;2026-01-07;2026-01-09 00:00:00;SAGI;Saídas (Aplicações)
1922;G3S PRUDENTE;CTE-703;TRANSPORTE DE SUCATA;600.0;-600; REF CTE 703 -  DOCUMENTO ELETRÔNICO REFERENCIADO;GSL LOGISTICA E TRANSPORTE LTDA;-;2026-01-07;2026-01-15 00:00:00;SAGI;Saídas (Aplicações)
2781;G3S MARINGA;CTE-121;LOCACAO DE CONTEINER E CACAMBAS;8127.0;-8127; -  DOCUMENTO ELETRÔNICO REFERENCIADO;GSL LOGISTICA E TRANSPORTE LTDA;-;2026-01-08;2026-01-09 00:00:00;SAGI;Saídas (Aplicações)
483;G3S MARINGA;CTE-122;TRANSPORTE DE SUCATA;8739.0;-8739; -  DOCUMENTO ELETRÔNICO REFERENCIADO;GSL LOGISTICA E TRANSPORTE LTDA;-;2026-01-08;2026-01-09 00:00:00;SAGI;Saídas (Aplicações)
541;G3S MARINGA;CTE-124;LOCACAO DE CONTEINER E CACAMBAS;7857.0;-7857; -  DOCUMENTO ELETRÔNICO REFERENCIADO;GSL LOGISTICA E TRANSPORTE LTDA;-;2026-01-08;2026-01-09 00:00:00;SAGI;Saídas (Aplicações)
1249;G3S PRUDENTE;CTE-704;TRANSPORTE DE SUCATA;8856.0;-8856; REF CTE 704 -  DOCUMENTO ELETRÔNICO REFERENCIADO;GSL LOGISTICA E TRANSPORTE LTDA;-;2026-01-08;2026-01-15 00:00:00;SAGI;Saídas (Aplicações)
3474;G3S PRUDENTE;CTE-705;TRANSPORTE DE SUCATA;13564.2;-13564.2; REF CTE 705 -  DOCUMENTO ELETRÔNICO REFERENCIADO;GSL LOGISTICA E TRANSPORTE LTDA;-;2026-01-08;2026-01-15 00:00:00;SAGI;Saídas (Aplicações)
540;G3S MARINGA;CTE-123;TRANSPORTE DE SUCATA;7443.0;-7443; -  DOCUMENTO ELETRÔNICO REFERENCIADO;GSL LOGISTICA E TRANSPORTE LTDA;-;2026-01-09;2026-01-09 00:00:00;SAGI;Saídas (Aplicações)
3517;G3S MARINGA;CTE-6627;FRETE DE TERCEIROS;4000.0;-4000;" CRISTINA - TRANSPORTE DA LIEBHERR, DE PRUDENTE/SP PARA MARINGA/PR_x000D_
SOLICITADO POR FERNANDO, AUTORIZADO POR MARCONDES. _x000D_
FRETE COMBINADO R$ 4.000,00_x000D_
DADOS DO EQUIPAMENTO ESCAVADEIRA HIDRAULICA MARCA LIEBHERR, MODELO A924C, VERSAO INDUSTRIAL, SERIE 130569890,_x000D_
CHASSI;WLHZ1305KZG069890, PLACA INTERNA EHL0014_x000D_
CT-E 6627 - VENC.  23/01 -  DOCUMENTO ELETRÔNICO REFERENCIADO";SANTOS & LANDES TRANSPORTES LTDA ME;-;2026-01-09;2026-01-23 00:00:00;SAGI;Saídas (Aplicações)
3566;G3S PRUDENTE;CTE-707;TRANSPORTE DE SUCATA;13268.43;-13268.43; REF CTE 707 -  DOCUMENTO ELETRÔNICO REFERENCIADO;GSL LOGISTICA E TRANSPORTE LTDA;-;2026-01-09;2026-01-15 00:00:00;SAGI;Saídas (Aplicações)
3567;G3S PRUDENTE;CTE-708;TRANSPORTE DE SUCATA;7831.2;-7831.2; REF CTE 708 -  DOCUMENTO ELETRÔNICO REFERENCIADO;GSL LOGISTICA E TRANSPORTE LTDA;-;2026-01-09;2026-01-15 00:00:00;SAGI;Saídas (Aplicações)
3568;G3S PRUDENTE;CTE-709;TRANSPORTE DE SUCATA;8455.2;-8455.2; REF CTE 709 -  DOCUMENTO ELETRÔNICO REFERENCIADO;GSL LOGISTICA E TRANSPORTE LTDA;-;2026-01-09;2026-01-15 00:00:00;SAGI;Saídas (Aplicações)
1322;G3S PRUDENTE;CTE-710;TRANSPORTE DE SUCATA;8748.0;-8748; REF CTE 710 -  DOCUMENTO ELETRÔNICO REFERENCIADO;GSL LOGISTICA E TRANSPORTE LTDA;-;2026-01-09;2026-01-15 00:00:00;SAGI;Saídas (Aplicações)
1323;G3S PRUDENTE;CTE-711;TRANSPORTE DE SUCATA;7929.6;-7929.6; REF CTE 711 -  DOCUMENTO ELETRÔNICO REFERENCIADO;GSL LOGISTICA E TRANSPORTE LTDA;-;2026-01-09;2026-01-15 00:00:00;SAGI;Saídas (Aplicações)
3597;G3S PRUDENTE;CTE-712;TRANSPORTE DE SUCATA;9448.8;-9448.8; REF CTE 712 -  DOCUMENTO ELETRÔNICO REFERENCIADO;GSL LOGISTICA E TRANSPORTE LTDA;-;2026-01-09;2026-01-15 00:00:00;SAGI;Saídas (Aplicações)
3598;G3S PRUDENTE;CTE-713;TRANSPORTE DE SUCATA;8236.8;-8236.8; REF CTE 713 -  DOCUMENTO ELETRÔNICO REFERENCIADO;GSL LOGISTICA E TRANSPORTE LTDA;-;2026-01-09;2026-01-15 00:00:00;SAGI;Saídas (Aplicações)
2842;G3S MARINGA;CTE-125;LOCACAO DE CONTEINER E CACAMBAS;8901.0;-8901; -  DOCUMENTO ELETRÔNICO REFERENCIADO;GSL LOGISTICA E TRANSPORTE LTDA;-;2026-01-12;2026-01-15 00:00:00;SAGI;Saídas (Aplicações)
334;G3S LONDRINA;CTE-6630;LOCACAO DE CONTEINER E CACAMBAS;2000.0;-2000;" CRISTINA - TRANSPORTE DE UMA ESCAVADEIRA 140 ACOPLADA COM PENEIRA ROTATIVA_x000D_
SAINDO DA SELETIVA INDUSTRIAL MARINGÁ COM DESTINO PARA SELETIVA LONDRINA_x000D_
AUTORIZADO FERNANDO._x000D_
FRETE  2.000,00_x000D_
ESCAVADEIRA HYUNDAI ROBEX 140LC 9SB, MARCA HYUNDAI, SERIE HBRR140CEE0000020, PLACA INTERNA_x000D_
EHH0002_x000D_
CTE 6630 - VENC. 26/01 -  DOCUMENTO ELETRÔNICO REFERENCIADO";SANTOS & LANDES TRANSPORTES LTDA ME;-;2026-01-12;2026-01-26 00:00:00;SAGI;Saídas (Aplicações)
1925;G3S PRUDENTE;CTE-714;TRANSPORTE DE SUCATA;600.0;-600; REF CTE 714 -  DOCUMENTO ELETRÔNICO REFERENCIADO;GSL LOGISTICA E TRANSPORTE LTDA;-;2026-01-12;2026-01-25 00:00:00;SAGI;Saídas (Aplicações)
1324;G3S PRUDENTE;CTE-715;TRANSPORTE DE SUCATA;9744.05;-9744.05; REF CTE 715 -  DOCUMENTO ELETRÔNICO REFERENCIADO;GSL LOGISTICA E TRANSPORTE LTDA;-;2026-01-12;2026-01-25 00:00:00;SAGI;Saídas (Aplicações)
1325;G3S PRUDENTE;CTE-716;TRANSPORTE DE SUCATA;13284.45;-13284.45; REF CTE 716 -  DOCUMENTO ELETRÔNICO REFERENCIADO;GSL LOGISTICA E TRANSPORTE LTDA;-;2026-01-12;2026-01-25 00:00:00;SAGI;Saídas (Aplicações)
3603;G3S PRUDENTE;CTE-717;TRANSPORTE DE SUCATA;7737.6;-7737.6; REF CTE 717 -  DOCUMENTO ELETRÔNICO REFERENCIADO;GSL LOGISTICA E TRANSPORTE LTDA;-;2026-01-12;2026-01-25 00:00:00;SAGI;Saídas (Aplicações)
1336;G3S PRUDENTE;CTE-718;TRANSPORTE DE SUCATA;9065.65;-9065.65; REF CTE 718 -  DOCUMENTO ELETRÔNICO REFERENCIADO;GSL LOGISTICA E TRANSPORTE LTDA;-;2026-01-12;2026-01-25 00:00:00;SAGI;Saídas (Aplicações)
1926;G3S PRUDENTE;CTE-719;TRANSPORTE DE SUCATA;600.0;-600; REF CTE 719 -  DOCUMENTO ELETRÔNICO REFERENCIADO;GSL LOGISTICA E TRANSPORTE LTDA;-;2026-01-12;2026-01-25 00:00:00;SAGI;Saídas (Aplicações)
3604;G3S PRUDENTE;CTE-720;TRANSPORTE DE SUCATA;8248.8;-8248.8; REF CTE 720 -  DOCUMENTO ELETRÔNICO REFERENCIADO;GSL LOGISTICA E TRANSPORTE LTDA;-;2026-01-12;2026-01-25 00:00:00;SAGI;Saídas (Aplicações)
3605;G3S PRUDENTE;CTE-721;TRANSPORTE DE SUCATA;8611.2;-8611.2; REF CTE 721 -  DOCUMENTO ELETRÔNICO REFERENCIADO;GSL LOGISTICA E TRANSPORTE LTDA;-;2026-01-12;2026-01-25 00:00:00;SAGI;Saídas (Aplicações)
2843;G3S MARINGA;CTE-126;LOCACAO DE CONTEINER E CACAMBAS;9126.0;-9126; -  DOCUMENTO ELETRÔNICO REFERENCIADO;GSL LOGISTICA E TRANSPORTE LTDA;-;2026-01-13;2026-01-15 00:00:00;SAGI;Saídas (Aplicações)
542;G3S MARINGA;CTE-127;LOCACAO DE CONTEINER E CACAMBAS;7643.25;-7643.25; -  DOCUMENTO ELETRÔNICO REFERENCIADO;GSL LOGISTICA E TRANSPORTE LTDA;-;2026-01-13;2026-01-15 00:00:00;SAGI;Saídas (Aplicações)
1337;G3S PRUDENTE;CTE-722;TRANSPORTE DE SUCATA;4958.15;-4958.15; REF CTE 722 -  DOCUMENTO ELETRÔNICO REFERENCIADO;GSL LOGISTICA E TRANSPORTE LTDA;-;2026-01-13;2026-01-25 00:00:00;SAGI;Saídas (Aplicações)
1338;G3S PRUDENTE;CTE-723;TRANSPORTE DE SUCATA;7950.0;-7950; REF CTE 723 -  DOCUMENTO ELETRÔNICO REFERENCIADO;GSL LOGISTICA E TRANSPORTE LTDA;-;2026-01-13;2026-01-25 00:00:00;SAGI;Saídas (Aplicações)
3606;G3S PRUDENTE;CTE-724;TRANSPORTE DE SUCATA;8930.4;-8930.4; REF CTE 724 -  DOCUMENTO ELETRÔNICO REFERENCIADO;GSL LOGISTICA E TRANSPORTE LTDA;-;2026-01-13;2026-01-25 00:00:00;SAGI;Saídas (Aplicações)
1533;G3S PRUDENTE;CTE-725;TRANSPORTE DE SUCATA;6753.6;-6753.6; REF CTE725 -  DOCUMENTO ELETRÔNICO REFERENCIADO;GSL LOGISTICA E TRANSPORTE LTDA;-;2026-01-13;2026-01-25 00:00:00;SAGI;Saídas (Aplicações)
2228;G3S PRUDENTE;CTE-726;TRANSPORTE DE SUCATA;10539.05;-10539.05; REF CTE 726 -  DOCUMENTO ELETRÔNICO REFERENCIADO;GSL LOGISTICA E TRANSPORTE LTDA;-;2026-01-13;2026-01-25 00:00:00;SAGI;Saídas (Aplicações)
1534;G3S PRUDENTE;CTE-727;TRANSPORTE DE SUCATA;8061.6;-8061.6; REF CTE 727 -  DOCUMENTO ELETRÔNICO REFERENCIADO;GSL LOGISTICA E TRANSPORTE LTDA;-;2026-01-13;2026-01-25 00:00:00;SAGI;Saídas (Aplicações)
3692;G3S PRUDENTE;CTE-728;TRANSPORTE DE SUCATA;9063.0;-9063; REF CTE 728 -  DOCUMENTO ELETRÔNICO REFERENCIADO;GSL LOGISTICA E TRANSPORTE LTDA;-;2026-01-14;2026-01-25 00:00:00;SAGI;Saídas (Aplicações)
3693;G3S PRUDENTE;CTE-729;TRANSPORTE DE SUCATA;9346.55;-9346.55; REF CTE 729 -  DOCUMENTO ELETRÔNICO REFERENCIADO;GSL LOGISTICA E TRANSPORTE LTDA;-;2026-01-14;2026-01-25 00:00:00;SAGI;Saídas (Aplicações)
1535;G3S PRUDENTE;CTE-730;TRANSPORTE DE SUCATA;8601.9;-8601.9; REF CTE 730 -  DOCUMENTO ELETRÔNICO REFERENCIADO;GSL LOGISTICA E TRANSPORTE LTDA;-;2026-01-14;2026-01-25 00:00:00;SAGI;Saídas (Aplicações)
1536;G3S PRUDENTE;CTE-731;TRANSPORTE DE SUCATA;9163.7;-9163.7; REF CTE 731 -  DOCUMENTO ELETRÔNICO REFERENCIADO;GSL LOGISTICA E TRANSPORTE LTDA;-;2026-01-14;2026-01-25 00:00:00;SAGI;Saídas (Aplicações)
1537;G3S PRUDENTE;CTE-732;TRANSPORTE DE SUCATA;13197.0;-13197; REF CTE 732 -  DOCUMENTO ELETRÔNICO REFERENCIADO;GSL LOGISTICA E TRANSPORTE LTDA;-;2026-01-14;2026-01-25 00:00:00;SAGI;Saídas (Aplicações)
3694;G3S PRUDENTE;CTE-733;TRANSPORTE DE SUCATA;8954.35;-8954.35; REF CTE 733 -  DOCUMENTO ELETRÔNICO REFERENCIADO;GSL LOGISTICA E TRANSPORTE LTDA;-;2026-01-14;2026-01-25 00:00:00;SAGI;Saídas (Aplicações)
3695;G3S PRUDENTE;CTE-734;TRANSPORTE DE SUCATA;8734.4;-8734.4; REF CTE 734 -  DOCUMENTO ELETRÔNICO REFERENCIADO;GSL LOGISTICA E TRANSPORTE LTDA;-;2026-01-14;2026-01-25 00:00:00;SAGI;Saídas (Aplicações)
3794;G3S MARINGA;CTE-128;LOCACAO DE CONTEINER E CACAMBAS;7987.5;-7987.5; -  DOCUMENTO ELETRÔNICO REFERENCIADO;GSL LOGISTICA E TRANSPORTE LTDA;-;2026-01-15;2026-01-16 00:00:00;SAGI;Saídas (Aplicações)
3272;G3S LONDRINA;CTE-129;TRANSPORTE DE SUCATA;9167.6;-9167.6; -  DOCUMENTO ELETRÔNICO REFERENCIADO;GSL LOGISTICA E TRANSPORTE LTDA;-;2026-01-15;2026-01-25 00:00:00;SAGI;Saídas (Aplicações)
543;G3S MARINGA;CTE-130;LOCACAO DE CONTEINER E CACAMBAS;7364.25;-7364.25; -  DOCUMENTO ELETRÔNICO REFERENCIADO;GSL LOGISTICA E TRANSPORTE LTDA;-;2026-01-15;2026-01-16 00:00:00;SAGI;Saídas (Aplicações)
1577;G3S MARINGA;CTE-131;LOCACAO DE CONTEINER E CACAMBAS;8705.25;-8705.25; -  DOCUMENTO ELETRÔNICO REFERENCIADO;GSL LOGISTICA E TRANSPORTE LTDA;-;2026-01-15;2026-01-16 00:00:00;SAGI;Saídas (Aplicações)
1538;G3S PRUDENTE;CTE-735;TRANSPORTE DE SUCATA;7701.84;-7701.84; REF CTE 735 -  DOCUMENTO ELETRÔNICO REFERENCIADO;GSL LOGISTICA E TRANSPORTE LTDA;-;2026-01-15;2026-01-25 00:00:00;SAGI;Saídas (Aplicações)
1559;G3S PRUDENTE;CTE-736;TRANSPORTE DE SUCATA;10750.0;-10750; REF CTE 736 -  DOCUMENTO ELETRÔNICO REFERENCIADO;GSL LOGISTICA E TRANSPORTE LTDA;-;2026-01-15;2026-01-25 00:00:00;SAGI;Saídas (Aplicações)
3748;G3S PRUDENTE;CTE-737;TRANSPORTE DE SUCATA;10210.45;-10210.45; REF CTE 737 -  DOCUMENTO ELETRÔNICO REFERENCIADO;GSL LOGISTICA E TRANSPORTE LTDA;-;2026-01-15;2026-01-25 00:00:00;SAGI;Saídas (Aplicações)
4128;G3S PRUDENTE;CTE-737;TRANSPORTE DE SUCATA;10210.45;-10210.45; REF CTE 737 -  DOCUMENTO ELETRÔNICO REFERENCIADO;GSL LOGISTICA E TRANSPORTE LTDA;-;2026-01-15;2026-01-25 00:00:00;SAGI;Saídas (Aplicações)
1560;G3S PRUDENTE;CTE-738;TRANSPORTE DE SUCATA;8642.4;-8642.4; REF CTE 738 -  DOCUMENTO ELETRÔNICO REFERENCIADO;GSL LOGISTICA E TRANSPORTE LTDA;-;2026-01-15;2026-01-25 00:00:00;SAGI;Saídas (Aplicações)
4130;G3S PRUDENTE;CTE-739;TRANSPORTE DE SUCATA;600.0;-600; REF CTE 739 -  DOCUMENTO ELETRÔNICO REFERENCIADO;GSL LOGISTICA E TRANSPORTE LTDA;-;2026-01-16;2026-01-25 00:00:00;SAGI;Saídas (Aplicações)
1927;G3S PRUDENTE;CTE-740;TRANSPORTE DE SUCATA;600.0;-600; REF CTE 740 -  DOCUMENTO ELETRÔNICO REFERENCIADO;GSL LOGISTICA E TRANSPORTE LTDA;-;2026-01-16;2026-01-25 00:00:00;SAGI;Saídas (Aplicações)
3723;G3S PRUDENTE;CTE-741;TRANSPORTE DE SUCATA;7032.0;-7032; REF CTE 741 -  DOCUMENTO ELETRÔNICO REFERENCIADO;GSL LOGISTICA E TRANSPORTE LTDA;-;2026-01-16;2026-01-25 00:00:00;SAGI;Saídas (Aplicações)
1923;G3S PRUDENTE;CTE-742;TRANSPORTE DE SUCATA;10348.25;-10348.25; REF CTE 742 -  DOCUMENTO ELETRÔNICO REFERENCIADO;GSL LOGISTICA E TRANSPORTE LTDA;-;2026-01-16;2026-01-25 00:00:00;SAGI;Saídas (Aplicações)
4129;G3S PRUDENTE;CTE-743;TRANSPORTE DE SUCATA;13271.2;-13271.2; REF CTE 743 -  DOCUMENTO ELETRÔNICO REFERENCIADO;GSL LOGISTICA E TRANSPORTE LTDA;-;2026-01-16;2026-01-25 00:00:00;SAGI;Saídas (Aplicações)
1924;G3S PRUDENTE;CTE-744;TRANSPORTE DE SUCATA;8201.75;-8201.75; REF CTE 744 -  DOCUMENTO ELETRÔNICO REFERENCIADO;GSL LOGISTICA E TRANSPORTE LTDA;-;2026-01-16;2026-01-25 00:00:00;SAGI;Saídas (Aplicações)
4487;G3S LONDRINA;CTE-132;TRANSPORTE DE SUCATA;2050.0;-2050; -  DOCUMENTO ELETRÔNICO REFERENCIADO;GSL LOGISTICA E TRANSPORTE LTDA;-;2026-01-19;2026-01-25 00:00:00;SAGI;Saídas (Aplicações)
2088;G3S LONDRINA;CTE-133;TRANSPORTE DE SUCATA;2050.0;-2050; -  DOCUMENTO ELETRÔNICO REFERENCIADO;GSL LOGISTICA E TRANSPORTE LTDA;-;2026-01-19;2026-01-25 00:00:00;SAGI;Saídas (Aplicações)
1576;G3S PRUDENTE;CTE-745;TRANSPORTE DE SUCATA;7761.6;-7761.6; REF CTE 745 -  DOCUMENTO ELETRÔNICO REFERENCIADO;GSL LOGISTICA E TRANSPORTE LTDA;-;2026-01-19;2026-01-25 00:00:00;SAGI;Saídas (Aplicações)
4186;G3S PRUDENTE;CTE-746;TRANSPORTE DE SUCATA;9010.0;-9010; REF CTE 746 -  DOCUMENTO ELETRÔNICO REFERENCIADO;GSL LOGISTICA E TRANSPORTE LTDA;-;2026-01-19;2026-01-25 00:00:00;SAGI;Saídas (Aplicações)
4187;G3S PRUDENTE;CTE-747;TRANSPORTE DE SUCATA;8313.05;-8313.05; REF CTE 747 -  DOCUMENTO ELETRÔNICO REFERENCIADO;GSL LOGISTICA E TRANSPORTE LTDA;-;2026-01-19;2026-01-25 00:00:00;SAGI;Saídas (Aplicações)
1974;G3S PRUDENTE;CTE-748;TRANSPORTE DE SUCATA;8024.2;-8024.2; REF CTE 748 -  DOCUMENTO ELETRÔNICO REFERENCIADO;GSL LOGISTICA E TRANSPORTE LTDA;-;2026-01-19;2026-01-25 00:00:00;SAGI;Saídas (Aplicações)
2163;G3S LONDRINA;CTE-134;TRANSPORTE DE SUCATA;2050.0;-2050; -  DOCUMENTO ELETRÔNICO REFERENCIADO;GSL LOGISTICA E TRANSPORTE LTDA;-;2026-01-20;2026-01-25 00:00:00;SAGI;Saídas (Aplicações)
3793;G3S MARINGA;CTE-135;TRANSPORTE DE SUCATA;8428.5;-8428.5; -  DOCUMENTO ELETRÔNICO REFERENCIADO;GSL LOGISTICA E TRANSPORTE LTDA;-;2026-01-20;2026-01-21 00:00:00;SAGI;Saídas (Aplicações)
1975;G3S PRUDENTE;CTE-749;TRANSPORTE DE SUCATA;9571.2;-9571.2; REF CTE 749 -  DOCUMENTO ELETRÔNICO REFERENCIADO;GSL LOGISTICA E TRANSPORTE LTDA;-;2026-01-20;2026-01-25 00:00:00;SAGI;Saídas (Aplicações)
1976;G3S PRUDENTE;CTE-750;TRANSPORTE DE SUCATA;8042.4;-8042.4; REF CTE 750 -  DOCUMENTO ELETRÔNICO REFERENCIADO;GSL LOGISTICA E TRANSPORTE LTDA;-;2026-01-20;2026-01-25 00:00:00;SAGI;Saídas (Aplicações)
1977;G3S PRUDENTE;CTE-751;TRANSPORTE DE SUCATA;8894.4;-8894.4; REF CTE 751 -  DOCUMENTO ELETRÔNICO REFERENCIADO;GSL LOGISTICA E TRANSPORTE LTDA;-;2026-01-20;2026-01-25 00:00:00;SAGI;Saídas (Aplicações)
4188;G3S PRUDENTE;CTE-752;TRANSPORTE DE SUCATA;8707.9;-8707.9; REF CTE 752 -  DOCUMENTO ELETRÔNICO REFERENCIADO;GSL LOGISTICA E TRANSPORTE LTDA;-;2026-01-20;2026-01-20 00:00:00;SAGI;Saídas (Aplicações)
4189;G3S PRUDENTE;CTE-753;TRANSPORTE DE SUCATA;8114.3;-8114.3; REF CTE 753 -  DOCUMENTO ELETRÔNICO REFERENCIADO;GSL LOGISTICA E TRANSPORTE LTDA;-;2026-01-20;2026-01-25 00:00:00;SAGI;Saídas (Aplicações)
4455;G3S LONDRINA;CTE-136;TRANSPORTE DE SUCATA;2050.0;-2050; -  DOCUMENTO ELETRÔNICO REFERENCIADO;GSL LOGISTICA E TRANSPORTE LTDA;-;2026-01-21;2026-02-05 00:00:00;SAGI;Saídas (Aplicações)
1617;G3S MARINGA;CTE-139;TRANSPORTE DE SUCATA;8064.0;-8064; -  DOCUMENTO ELETRÔNICO REFERENCIADO;GSL LOGISTICA E TRANSPORTE LTDA;-;2026-01-21;2026-02-05 00:00:00;SAGI;Saídas (Aplicações)
4202;G3S PRUDENTE;CTE-754;TRANSPORTE DE SUCATA;5082.25;-5082.25; REF CTE 754 -  DOCUMENTO ELETRÔNICO REFERENCIADO;GSL LOGISTICA E TRANSPORTE LTDA;-;2026-01-21;2026-02-05 00:00:00;SAGI;Saídas (Aplicações)
4282;G3S PRUDENTE;CTE-755;TRANSPORTE DE SUCATA;7761.6;-7761.6; REF CTE 755 -  DOCUMENTO ELETRÔNICO REFERENCIADO;GSL LOGISTICA E TRANSPORTE LTDA;-;2026-01-21;2026-02-05 00:00:00;SAGI;Saídas (Aplicações)
4497;G3S PRUDENTE;CTE-756;TRANSPORTE DE SUCATA;9622.15;-9622.15; REF CTE 756 -  DOCUMENTO ELETRÔNICO REFERENCIADO;GSL LOGISTICA E TRANSPORTE LTDA;-;2026-01-21;2026-02-05 00:00:00;SAGI;Saídas (Aplicações)
2096;G3S PRUDENTE;CTE-757;TRANSPORTE DE SUCATA;12523.9;-12523.9; REF CTE -  DOCUMENTO ELETRÔNICO REFERENCIADO;GSL LOGISTICA E TRANSPORTE LTDA;-;2026-01-21;2026-02-05 00:00:00;SAGI;Saídas (Aplicações)
2106;G3S PRUDENTE;CTE-758;TRANSPORTE DE SUCATA;10600.0;-10600; REF CTE 758 -  DOCUMENTO ELETRÔNICO REFERENCIADO;GSL LOGISTICA E TRANSPORTE LTDA;-;2026-01-21;2026-02-05 00:00:00;SAGI;Saídas (Aplicações)
3796;G3S MARINGA;CTE-137;TRANSPORTE DE SUCATA;7751.25;-3875.63; -  DOCUMENTO ELETRÔNICO REFERENCIADO;GSL LOGISTICA E TRANSPORTE LTDA;-;2026-01-22;2026-02-05 00:00:00;SAGI;Saídas (Aplicações)
3795;G3S MARINGA;CTE-137;TRANSPORTE DE SUCATA;7751.25;-3875.62; -  DOCUMENTO ELETRÔNICO REFERENCIADO;GSL LOGISTICA E TRANSPORTE LTDA;-;2026-01-22;2026-02-05 00:00:00;SAGI;Saídas (Aplicações)
1619;G3S MARINGA;CTE-138;TRANSPORTE DE SUCATA;7913.25;-3956.63; -  DOCUMENTO ELETRÔNICO REFERENCIADO;GSL LOGISTICA E TRANSPORTE LTDA;-;2026-01-22;2026-02-05 00:00:00;SAGI;Saídas (Aplicações)
1618;G3S MARINGA;CTE-138;TRANSPORTE DE SUCATA;7913.25;-3956.62; -  DOCUMENTO ELETRÔNICO REFERENCIADO;GSL LOGISTICA E TRANSPORTE LTDA;-;2026-01-22;2026-02-05 00:00:00;SAGI;Saídas (Aplicações)
2254;G3S LONDRINA;CTE-140;TRANSPORTE DE SUCATA;2050.0;-2050; -  DOCUMENTO ELETRÔNICO REFERENCIADO;GSL LOGISTICA E TRANSPORTE LTDA;-;2026-01-22;2026-02-05 00:00:00;SAGI;Saídas (Aplicações)
2097;G3S LONDRINA;CTE-141;TRANSPORTE DE SUCATA;2050.0;-2050; -  DOCUMENTO ELETRÔNICO REFERENCIADO;GSL LOGISTICA E TRANSPORTE LTDA;-;2026-01-22;2026-02-05 00:00:00;SAGI;Saídas (Aplicações)
4524;G3S PRUDENTE;CTE-759;TRANSPORTE DE SUCATA;8175.25;-8175.25; REF CTE 759 -  DOCUMENTO ELETRÔNICO REFERENCIADO;GSL LOGISTICA E TRANSPORTE LTDA;-;2026-01-22;2026-02-05 00:00:00;SAGI;Saídas (Aplicações)
2103;G3S PRUDENTE;CTE-760;TRANSPORTE DE SUCATA;8882.4;-8882.4; REF CTE 760 -  DOCUMENTO ELETRÔNICO REFERENCIADO;GSL LOGISTICA E TRANSPORTE LTDA;-;2026-01-22;2026-02-05 00:00:00;SAGI;Saídas (Aplicações)
2291;G3S PRUDENTE;CTE-761;TRANSPORTE DE SUCATA;7716.0;-7716; REF CTE 761 -  DOCUMENTO ELETRÔNICO REFERENCIADO;GSL LOGISTICA E TRANSPORTE LTDA;-;2026-01-22;2026-02-05 00:00:00;SAGI;Saídas (Aplicações)
2278;G3S PRUDENTE;CTE-762;TRANSPORTE DE SUCATA;9506.4;-9506.4; REF CTE 762 -  DOCUMENTO ELETRÔNICO REFERENCIADO;GSL LOGISTICA E TRANSPORTE LTDA;-;2026-01-22;2026-02-05 00:00:00;SAGI;Saídas (Aplicações)
4417;G3S LONDRINA;CTE-142;TRANSPORTE DE SUCATA;2050.0;-2050; -  DOCUMENTO ELETRÔNICO REFERENCIADO;GSL LOGISTICA E TRANSPORTE LTDA;-;2026-01-23;2026-02-05 00:00:00;SAGI;Saídas (Aplicações)
1620;G3S MARINGA;CTE-143;LOCACAO DE CONTEINER E CACAMBAS;2400.0;-2400; -  DOCUMENTO ELETRÔNICO REFERENCIADO;GSL LOGISTICA E TRANSPORTE LTDA;-;2026-01-23;2026-02-05 00:00:00;SAGI;Saídas (Aplicações)
2028;G3S PRUDENTE;CTE-763;TRANSPORTE DE SUCATA;600.0;-600; REF CTE 763 -  DOCUMENTO ELETRÔNICO REFERENCIADO;GSL LOGISTICA E TRANSPORTE LTDA;-;2026-01-23;2026-02-05 00:00:00;SAGI;Saídas (Aplicações)
4422;G3S PRUDENTE;CTE-764;TRANSPORTE DE SUCATA;2700.0;-2700; REF CTE 764 -  DOCUMENTO ELETRÔNICO REFERENCIADO;GSL LOGISTICA E TRANSPORTE LTDA;-;2026-01-23;2026-02-05 00:00:00;SAGI;Saídas (Aplicações)
2201;G3S PRUDENTE;CTE-765;TRANSPORTE DE SUCATA;7977.6;-7977.6; REF CTE 765 -  DOCUMENTO ELETRÔNICO REFERENCIADO;GSL LOGISTICA E TRANSPORTE LTDA;-;2026-01-23;2026-02-05 00:00:00;SAGI;Saídas (Aplicações)
2169;G3S PRUDENTE;CTE-766;TRANSPORTE DE SUCATA;8064.0;-8064; REF CTE 766 -  DOCUMENTO ELETRÔNICO REFERENCIADO;GSL LOGISTICA E TRANSPORTE LTDA;-;2026-01-23;2026-02-05 00:00:00;SAGI;Saídas (Aplicações)
4363;G3S PRUDENTE;CTE-767;TRANSPORTE DE SUCATA;8716.8;-8716.8; REF CTE 767 -  DOCUMENTO ELETRÔNICO REFERENCIADO;GSL LOGISTICA E TRANSPORTE LTDA;-;2026-01-23;2026-02-05 00:00:00;SAGI;Saídas (Aplicações)
1621;G3S MARINGA;CTE-144;LOCACAO DE CONTEINER E CACAMBAS;7213.8;-7213.8; -  DOCUMENTO ELETRÔNICO REFERENCIADO;GSL LOGISTICA E TRANSPORTE LTDA;-;2026-01-26;2026-02-05 00:00:00;SAGI;Saídas (Aplicações)
4353;G3S PRUDENTE;CTE-768;TRANSPORTE DE SUCATA;8467.2;-8467.2; REF CTE 768 -  DOCUMENTO ELETRÔNICO REFERENCIADO;GSL LOGISTICA E TRANSPORTE LTDA;-;2026-01-26;2026-02-05 00:00:00;SAGI;Saídas (Aplicações)
1991;G3S PRUDENTE;CTE-770;TRANSPORTE DE SUCATA;7032.0;-7032; REF CTE 770 -  DOCUMENTO ELETRÔNICO REFERENCIADO;GSL LOGISTICA E TRANSPORTE LTDA;-;2026-01-26;2026-02-05 00:00:00;SAGI;Saídas (Aplicações)
2282;G3S PRUDENTE;CTE-771;TRANSPORTE DE SUCATA;8002.8;-8002.8; REF CTE 771 -  DOCUMENTO ELETRÔNICO REFERENCIADO;GSL LOGISTICA E TRANSPORTE LTDA;-;2026-01-26;2026-02-05 00:00:00;SAGI;Saídas (Aplicações)
380;G3S PRUDENTE;CTE-81;FRETE DE TERCEIROS;2000.0;-2000;" CRISTINA- REF. A TRANSPORTE DE TRATOR DA UNIDADE DE DOURADOS/MS PARA ROSANA/SP- REGGIA_x000D_
SOLICITANTE : RENATO SALTEIRO._x000D_
CTE 081 (DOCUMENTO FISCAL)_x000D_
PAGAMENTO VIA PIX - VENC. 26/01. -  DOCUMENTO ELETRÔNICO REFERENCIADO";ANJO AZUL - AUTO SOCORRO LTDA.;-;2026-01-26;2026-01-26 00:00:00;SAGI;Saídas (Aplicações)
1997;G3S LONDRINA;CTE-146;TRANSPORTE DE SUCATA;2050.0;-2050; -  DOCUMENTO ELETRÔNICO REFERENCIADO;GSL LOGISTICA E TRANSPORTE LTDA;-;2026-01-27;2026-02-05 00:00:00;SAGI;Saídas (Aplicações)
2295;G3S PRUDENTE;CTE-773;TRANSPORTE DE SUCATA;8721.0;-8721; REF CTE 773 -  DOCUMENTO ELETRÔNICO REFERENCIADO;GSL LOGISTICA E TRANSPORTE LTDA;-;2026-01-27;2026-02-05 00:00:00;SAGI;Saídas (Aplicações)
2033;G3S PRUDENTE;CTE-774;TRANSPORTE DE SUCATA;600.0;-600; REF CTE 774 -  DOCUMENTO ELETRÔNICO REFERENCIADO;GSL LOGISTICA E TRANSPORTE LTDA;-;2026-01-27;2026-02-05 00:00:00;SAGI;Saídas (Aplicações)
2182;G3S PRUDENTE;CTE-775;TRANSPORTE DE SUCATA;13228.8;-13228.8; REF CTE 775 -  DOCUMENTO ELETRÔNICO REFERENCIADO;GSL LOGISTICA E TRANSPORTE LTDA;-;2026-01-27;2026-02-05 00:00:00;SAGI;Saídas (Aplicações)
4355;G3S PRUDENTE;CTE-776;TRANSPORTE DE SUCATA;8124.9;-8124.9; REF CTE 776 -  DOCUMENTO ELETRÔNICO REFERENCIADO;GSL LOGISTICA E TRANSPORTE LTDA;-;2026-01-27;2026-02-05 00:00:00;SAGI;Saídas (Aplicações)
2214;G3S PRUDENTE;CTE-777;TRANSPORTE DE SUCATA;8100.0;-8100; REF CTE 777. -  DOCUMENTO ELETRÔNICO REFERENCIADO;GSL LOGISTICA E TRANSPORTE LTDA;-;2026-01-28;2026-02-05 00:00:00;SAGI;Saídas (Aplicações)
4378;G3S PRUDENTE;CTE-778;TRANSPORTE DE SUCATA;8672.4;-8672.4; REF CTE 778 -  DOCUMENTO ELETRÔNICO REFERENCIADO;GSL LOGISTICA E TRANSPORTE LTDA;-;2026-01-28;2026-02-05 00:00:00;SAGI;Saídas (Aplicações)
2079;G3S PRUDENTE;CTE-779;TRANSPORTE DE SUCATA;8980.85;-8980.85; REF CTE 779 -  DOCUMENTO ELETRÔNICO REFERENCIADO;GSL LOGISTICA E TRANSPORTE LTDA;-;2026-01-28;2026-02-05 00:00:00;SAGI;Saídas (Aplicações)
2067;G3S PRUDENTE;CTE-780;TRANSPORTE DE SUCATA;9917.6;-9917.6; REF CTE 780 -  DOCUMENTO ELETRÔNICO REFERENCIADO;GSL LOGISTICA E TRANSPORTE LTDA;-;2026-01-28;2026-02-05 00:00:00;SAGI;Saídas (Aplicações)
4345;G3S PRUDENTE;CTE-781;TRANSPORTE DE SUCATA;9052.4;-9052.4; REF CTE 781 -  DOCUMENTO ELETRÔNICO REFERENCIADO;GSL LOGISTICA E TRANSPORTE LTDA;-;2026-01-28;2026-02-05 00:00:00;SAGI;Saídas (Aplicações)
4466;G3S LONDRINA;CTE-150;TRANSPORTE DE SUCATA;7254.0;-7254; -  DOCUMENTO ELETRÔNICO REFERENCIADO;GSL LOGISTICA E TRANSPORTE LTDA;-;2026-01-29;2026-02-05 00:00:00;SAGI;Saídas (Aplicações)
2212;G3S LONDRINA;CTE-151;TRANSPORTE DE SUCATA;8569.6;-8569.6; -  DOCUMENTO ELETRÔNICO REFERENCIADO;GSL LOGISTICA E TRANSPORTE LTDA;-;2026-01-29;2026-02-05 00:00:00;SAGI;Saídas (Aplicações)
2234;G3S LONDRINA;CTE-152;TRANSPORTE DE SUCATA;8273.2;-8273.2; -  DOCUMENTO ELETRÔNICO REFERENCIADO;GSL LOGISTICA E TRANSPORTE LTDA;-;2026-01-29;2026-02-05 00:00:00;SAGI;Saídas (Aplicações)
4464;G3S PRUDENTE;CTE-783;TRANSPORTE DE SUCATA;600.0;-600; REF CTE 783 -  DOCUMENTO ELETRÔNICO REFERENCIADO;GSL LOGISTICA E TRANSPORTE LTDA;-;2026-01-29;2026-02-05 00:00:00;SAGI;Saídas (Aplicações)
4396;G3S PRUDENTE;CTE-784;TRANSPORTE DE SUCATA;7700.9;-7700.9; REF CTE 784 -  DOCUMENTO ELETRÔNICO REFERENCIADO;GSL LOGISTICA E TRANSPORTE LTDA;-;2026-01-29;2026-02-05 00:00:00;SAGI;Saídas (Aplicações)
2038;G3S PRUDENTE;CTE-785;TRANSPORTE DE SUCATA;600.0;-600; REF CTE 785 -  DOCUMENTO ELETRÔNICO REFERENCIADO;GSL LOGISTICA E TRANSPORTE LTDA;-;2026-01-29;2026-02-05 00:00:00;SAGI;Saídas (Aplicações)
4288;G3S PRUDENTE;CTE-786;TRANSPORTE DE SUCATA;8511.8;-8511.8; REF CTE 786 -  DOCUMENTO ELETRÔNICO REFERENCIADO;GSL LOGISTICA E TRANSPORTE LTDA;-;2026-01-29;2026-02-05 00:00:00;SAGI;Saídas (Aplicações)
2115;G3S PRUDENTE;CTE-787;TRANSPORTE DE SUCATA;8199.1;-8199.1; REF CTE 787 -  DOCUMENTO ELETRÔNICO REFERENCIADO;GSL LOGISTICA E TRANSPORTE LTDA;-;2026-01-29;2026-02-05 00:00:00;SAGI;Saídas (Aplicações)
4307;G3S PRUDENTE;CTE-788;TRANSPORTE DE SUCATA;8342.2;-8342.2; REF CTE 788 -  DOCUMENTO ELETRÔNICO REFERENCIADO;GSL LOGISTICA E TRANSPORTE LTDA;-;2026-01-29;2026-02-05 00:00:00;SAGI;Saídas (Aplicações)
4195;G3S PRUDENTE;CTE-789;TRANSPORTE DE SUCATA;8336.9;-8336.9; REF CTE 789 -  DOCUMENTO ELETRÔNICO REFERENCIADO;GSL LOGISTICA E TRANSPORTE LTDA;-;2026-01-29;2026-02-05 00:00:00;SAGI;Saídas (Aplicações)
1990;G3S LONDRINA;CTE-153;TRANSPORTE DE SUCATA;8892.0;-8892; -  DOCUMENTO ELETRÔNICO REFERENCIADO;GSL LOGISTICA E TRANSPORTE LTDA;-;2026-01-30;2026-02-05 00:00:00;SAGI;Saídas (Aplicações)
2174;G3S MARINGA;CTE-147;LOCACAO DE CONTEINER E CACAMBAS;2050.0;-2050; -  DOCUMENTO ELETRÔNICO REFERENCIADO;GSL LOGISTICA E TRANSPORTE LTDA;-;2026-02-02;2026-02-05 00:00:00;SAGI;Saídas (Aplicações)
2171;G3S MARINGA;CTE-148;LOCACAO DE CONTEINER E CACAMBAS;2050.0;-2050; -  DOCUMENTO ELETRÔNICO REFERENCIADO;GSL LOGISTICA E TRANSPORTE LTDA;-;2026-02-02;2026-02-05 00:00:00;SAGI;Saídas (Aplicações)
2110;G3S MARINGA;CTE-149;LOCACAO DE CONTEINER E CACAMBAS;2050.0;-2050; -  DOCUMENTO ELETRÔNICO REFERENCIADO;GSL LOGISTICA E TRANSPORTE LTDA;-;2026-02-02;2026-02-05 00:00:00;SAGI;Saídas (Aplicações)
2046;G3S MARINGA;CTE-154;TRANSPORTE DE SUCATA;2050.0;-2050; -  DOCUMENTO ELETRÔNICO REFERENCIADO;GSL LOGISTICA E TRANSPORTE LTDA;-;2026-02-03;2026-02-15 00:00:00;SAGI;Saídas (Aplicações)
2231;G3S MARINGA;CTE-155;TRANSPORTE DE SUCATA;2050.0;-2050; -  DOCUMENTO ELETRÔNICO REFERENCIADO;GSL LOGISTICA E TRANSPORTE LTDA;-;2026-02-03;2026-02-15 00:00:00;SAGI;Saídas (Aplicações)
2236;G3S MARINGA;CTE-156;TRANSPORTE DE SUCATA;2050.0;-2050; -  DOCUMENTO ELETRÔNICO REFERENCIADO;GSL LOGISTICA E TRANSPORTE LTDA;-;2026-02-04;2026-02-26 00:00:00;SAGI;Saídas (Aplicações)
4229;G3S MARINGA;CTE-157;TRANSPORTE DE SUCATA;2050.0;-2050; -  DOCUMENTO ELETRÔNICO REFERENCIADO;GSL LOGISTICA E TRANSPORTE LTDA;-;2026-02-04;2026-02-26 00:00:00;SAGI;Saídas (Aplicações)
1982;G3S MARINGA;CTE-158;TRANSPORTE DE SUCATA;2050.0;-2050; -  DOCUMENTO ELETRÔNICO REFERENCIADO;GSL LOGISTICA E TRANSPORTE LTDA;-;2026-02-05;2026-02-26 00:00:00;SAGI;Saídas (Aplicações)
4292;G3S MARINGA;CTE-161;TRANSPORTE DE SUCATA;7570.0;-7570; -  DOCUMENTO ELETRÔNICO REFERENCIADO;GSL LOGISTICA E TRANSPORTE LTDA;-;2026-02-09;2026-02-15 00:00:00;SAGI;Saídas (Aplicações)
2082;G3S MARINGA;CTE-163;TRANSPORTE DE SUCATA;8557.5;-8557.5; -  DOCUMENTO ELETRÔNICO REFERENCIADO;GSL LOGISTICA E TRANSPORTE LTDA;-;2026-02-09;2026-02-15 00:00:00;SAGI;Saídas (Aplicações)
4359;G3S MARINGA;CTE-165;TRANSPORTE DE SUCATA;2050.0;-2050; -  DOCUMENTO ELETRÔNICO REFERENCIADO;GSL LOGISTICA E TRANSPORTE LTDA;-;2026-02-09;2026-02-26 00:00:00;SAGI;Saídas (Aplicações)
2132;G3S MARINGA;CTE-167;TRANSPORTE DE SUCATA;7682.5;-7682.5; -  DOCUMENTO ELETRÔNICO REFERENCIADO;GSL LOGISTICA E TRANSPORTE LTDA;-;2026-02-09;2026-02-15 00:00:00;SAGI;Saídas (Aplicações)
4220;G3S LONDRINA;CTE-160;TRANSPORTE DE SUCATA;7275.0;-7275; -  DOCUMENTO ELETRÔNICO REFERENCIADO;GSL LOGISTICA E TRANSPORTE LTDA;-;2026-02-10;2026-02-15 00:00:00;SAGI;Saídas (Aplicações)
2286;G3S LONDRINA;CTE-162;TRANSPORTE DE SUCATA;7882.5;-7882.5; -  DOCUMENTO ELETRÔNICO REFERENCIADO;GSL LOGISTICA E TRANSPORTE LTDA;-;2026-02-10;2026-02-15 00:00:00;SAGI;Saídas (Aplicações)
2143;G3S LONDRINA;CTE-164;TRANSPORTE DE SUCATA;7025.0;-7025; -  DOCUMENTO ELETRÔNICO REFERENCIADO;GSL LOGISTICA E TRANSPORTE LTDA;-;2026-02-10;2026-02-15 00:00:00;SAGI;Saídas (Aplicações)
2130;G3S LONDRINA;CTE-166;TRANSPORTE DE SUCATA;9000.0;-9000; -  DOCUMENTO ELETRÔNICO REFERENCIADO;GSL LOGISTICA E TRANSPORTE LTDA;-;2026-02-10;2026-02-15 00:00:00;SAGI;Saídas (Aplicações)
2238;G3S MARINGA;CTE-168;TRANSPORTE DE SUCATA;2050.0;-2050; -  DOCUMENTO ELETRÔNICO REFERENCIADO;GSL LOGISTICA E TRANSPORTE LTDA;-;2026-02-10;2026-02-26 00:00:00;SAGI;Saídas (Aplicações)
4446;G3S LONDRINA;CTE-169;TRANSPORTE DE SUCATA;8550.0;-8550; -  DOCUMENTO ELETRÔNICO REFERENCIADO - REFERENTE AO CTE 169;GSL LOGISTICA E TRANSPORTE LTDA;-;2026-02-10;2026-02-15 00:00:00;SAGI;Saídas (Aplicações)
4225;G3S MARINGA;CTE-170;TRANSPORTE DE SUCATA;7170.0;-7170; -  DOCUMENTO ELETRÔNICO REFERENCIADO;GSL LOGISTICA E TRANSPORTE LTDA;-;2026-02-10;2026-02-15 00:00:00;SAGI;Saídas (Aplicações)
4314;G3S MARINGA;CTE-171;TRANSPORTE DE SUCATA;7535.0;-7535; -  DOCUMENTO ELETRÔNICO REFERENCIADO;GSL LOGISTICA E TRANSPORTE LTDA;-;2026-02-10;2026-02-15 00:00:00;SAGI;Saídas (Aplicações)
4286;G3S LONDRINA;CTE-172;TRANSPORTE DE SUCATA;7257.5;-7257.5; -  DOCUMENTO ELETRÔNICO REFERENCIADO - REFERENTE AO CTE 172;GSL LOGISTICA E TRANSPORTE LTDA;-;2026-02-10;2026-02-15 00:00:00;SAGI;Saídas (Aplicações)
2313;G3S LONDRINA;CTE-173;TRANSPORTE DE SUCATA;8015.0;-8015; -  DOCUMENTO ELETRÔNICO REFERENCIADO - REFERENTE AO CTE 173;GSL LOGISTICA E TRANSPORTE LTDA;-;2026-02-10;2026-02-15 00:00:00;SAGI;Saídas (Aplicações)
1998;G3S LONDRINA;CTE-174;TRANSPORTE DE SUCATA;7360.0;-7360; -  DOCUMENTO ELETRÔNICO REFERENCIADO - REFERENTE AO CTE 174;GSL LOGISTICA E TRANSPORTE LTDA;-;2026-02-11;2026-02-25 00:00:00;SAGI;Saídas (Aplicações)
4243;G3S LONDRINA;CTE-175;TRANSPORTE DE SUCATA;7000.0;-7000; -  DOCUMENTO ELETRÔNICO REFERENCIADO, REFERENTE AO CTE 175;GSL LOGISTICA E TRANSPORTE LTDA;-;2026-02-11;2026-02-25 00:00:00;SAGI;Saídas (Aplicações)
4410;G3S LONDRINA;CTE-176;TRANSPORTE DE SUCATA;8335.0;-8335; -  DOCUMENTO ELETRÔNICO REFERENCIADO - REFERENTE AO CTE 176;GSL LOGISTICA E TRANSPORTE LTDA;-;2026-02-11;2026-02-25 00:00:00;SAGI;Saídas (Aplicações)
4414;G3S LONDRINA;CTE-177;TRANSPORTE DE SUCATA;7355.0;-7355; -  DOCUMENTO ELETRÔNICO REFERENCIADO - REFERENTE AO CTE 177;GSL LOGISTICA E TRANSPORTE LTDA;-;2026-02-12;2026-02-25 00:00:00;SAGI;Saídas (Aplicações)
3461;G3S CAMPO GRANDE;CTE-6672;FRETES;11411.83;-11411.83;" CRISTINA - REF. _x000D_
TRANSPORTE EM VEÍCULO PRANCHA DA ESCAVADEIRA EHH0019_x000D_
PRUDENTE X CAMPO GRANDE/MS -  DOCUMENTO ELETRÔNICO REFERENCIADO";SANTOS & LANDES TRANSPORTES LTDA ME;-;2026-02-19;2026-02-19 00:00:00;SAGI;Saídas (Aplicações)
3791;RSE;CTE-632;FRETES E CARRETOS;3375.0;-3375; -  DOCUMENTO ELETRÔNICO REFERENCIADO;GSL LOGISTICA E TRANSPORTE LTDA;-;2026-02-24;2026-02-24 00:00:00;SAGI;Saídas (Aplicações)
4214;G3S PRUDENTE;CTE-845;TRANSPORTE DE SUCATA;14946.0;-14946; -  DOCUMENTO ELETRÔNICO REFERENCIADO;GSL LOGISTICA E TRANSPORTE LTDA;-;2026-02-25;2026-03-05 00:00:00;SAGI;Saídas (Aplicações)
2119;G3S MARINGA;CTE-193;TRANSPORTE DE SUCATA;7111.6;-7111.6; -  DOCUMENTO ELETRÔNICO REFERENCIADO;GSL LOGISTICA E TRANSPORTE LTDA;-;2026-02-26;2026-03-05 00:00:00;SAGI;Saídas (Aplicações)
2227;G3S MARINGA;CTE-194;TRANSPORTE DE SUCATA;8344.4;-8344.4; -  DOCUMENTO ELETRÔNICO REFERENCIADO;GSL LOGISTICA E TRANSPORTE LTDA;-;2026-02-26;2026-03-05 00:00:00;SAGI;Saídas (Aplicações)
6700;G3S PRUDENTE;CTE-13507;FRETE DE COLETA;1122.0;-1122; -  DOCUMENTO ELETRÔNICO REFERENCIADO;G&S TRANSPORTE LOGISTICA E LOCACAO DE MAQUINAS E EQUIPAMENTO;13507-1/57;2026-03-01;NAO PAGO;SAGI;Saídas (Aplicações)
6706;G3S PRUDENTE;CTE-13508;FRETE DE COLETA;3434.0;-3434; -  DOCUMENTO ELETRÔNICO REFERENCIADO;G&S TRANSPORTE LOGISTICA E LOCACAO DE MAQUINAS E EQUIPAMENTO;13508-1/57;2026-03-01;NAO PAGO;SAGI;Saídas (Aplicações)
6708;G3S PRUDENTE;CTE-13509;FRETE DE COLETA;3876.0;-3876; -  DOCUMENTO ELETRÔNICO REFERENCIADO;G&S TRANSPORTE LOGISTICA E LOCACAO DE MAQUINAS E EQUIPAMENTO;13509-1/57;2026-03-01;NAO PAGO;SAGI;Saídas (Aplicações)
6707;G3S PRUDENTE;CTE-13510;FRETE DE COLETA;430.1;-430.1; -  DOCUMENTO ELETRÔNICO REFERENCIADO;G&S TRANSPORTE LOGISTICA E LOCACAO DE MAQUINAS E EQUIPAMENTO;13510-1/57;2026-03-01;NAO PAGO;SAGI;Saídas (Aplicações)
8276;G3S CAMPO GRANDE;CTE-179;TRANSPORTE DE SUCATA;10537.8;-10537.8; -  DOCUMENTO ELETRÔNICO REFERENCIADO;GSL LOGISTICA E TRANSPORTE LTDA;179-3/57;2026-03-01;NAO PAGO;SAGI;Saídas (Aplicações)
8361;G3S PRUDENTE;CTE-424023;FRETES E CARRETOS;150.0;-150;" -  DOCUMENTO ELETRÔNICO REFERENCIADOCRISTINA - CTE. 424.023 VENC. 18/03/2026 VIA BOL. -FRETE REF. A COMPRA DE ESMALTE SINTETICO RAPIDO AZUL DEL REY FOSCO_x000D_
18LTS P/ USO NAS CAIXAS 1033 E 1203, PRUDENTE_x000D_
 _x000D_
OBS: FRETE VENCIDO DIA 05/03/2026 - CONSEGUIMOS PRORROGAR O BOLETO PARA HOJE SEM JUROS -  DIA 18/03/2026";TRANSHIZZA TRANSPORTES DE CARGA E ENCOMENDAS LTDA;424023-1/57;2026-03-01;2026-03-18;SAGI;Saídas (Aplicações)
8021;G&S PRUDENTE;CTE-822;FRETES E CARRETOS;850.0;-850; -  DOCUMENTO ELETRÔNICO REFERENCIADO;GSL LOGISTICA E TRANSPORTE LTDA;822-1/57;2026-03-01;2026-03-12;SAGI;Saídas (Aplicações)
8277;G3S PRUDENTE;CTE-907;TRANSPORTE DE SUCATA;13583.0;-13583; -  DOCUMENTO ELETRÔNICO REFERENCIADO;GSL LOGISTICA E TRANSPORTE LTDA;907-1/57;2026-03-01;NAO PAGO;SAGI;Saídas (Aplicações)
8642;G3S MARINGA;CTE-145;TRANSPORTE DE SUCATA;6600.0;-6600; -  DOCUMENTO ELETRÔNICO REFERENCIADO;GSL LOGISTICA E TRANSPORTE LTDA;145-2/57;2026-03-03;2026-03-03;SAGI;Saídas (Aplicações)
7785;G3S MARINGA;CTE-29875;TRANSPORTE DE SUCATA;7526.88;-7526.88; -  DOCUMENTO ELETRÔNICO REFERENCIADO;BELLUNO LOGISTICA E TRANSPORTES LTDA;29875-1/57;2026-03-16;2026-03-24;SAGI;Saídas (Aplicações)
8428;G3S PRUDENTE;CTE-872;TRANSPORTE DE SUCATA;11301.6;-11301.6; -  DOCUMENTO ELETRÔNICO REFERENCIADO;GSL LOGISTICA E TRANSPORTE LTDA;872-1/57;2026-03-17;NAO PAGO;SAGI;Saídas (Aplicações)
8441;G3S PRUDENTE;CTE-874;TRANSPORTE DE SUCATA;10594.4;-10594.4; -  DOCUMENTO ELETRÔNICO REFERENCIADO;GSL LOGISTICA E TRANSPORTE LTDA;874-1/57;2026-03-17;NAO PAGO;SAGI;Saídas (Aplicações)
8440;G3S PRUDENTE;CTE-875;TRANSPORTE DE SUCATA;11182.6;-11182.6; -  DOCUMENTO ELETRÔNICO REFERENCIADO;GSL LOGISTICA E TRANSPORTE LTDA;875-1/57;2026-03-17;NAO PAGO;SAGI;Saídas (Aplicações)
8439;G3S PRUDENTE;CTE-877;TRANSPORTE DE SUCATA;3985.0;-3985; -  DOCUMENTO ELETRÔNICO REFERENCIADO;GSL LOGISTICA E TRANSPORTE LTDA;877-1/57;2026-03-17;NAO PAGO;SAGI;Saídas (Aplicações)
6461;G3S LONDRINA;CTE-205;TRANSPORTE DE SUCATA;9349.6;-9349.6; -  DOCUMENTO ELETRÔNICO REFERENCIADO;GSL LOGISTICA E TRANSPORTE LTDA;205-2/57;2026-03-18;2026-04-01;SAGI;Saídas (Aplicações)
6462;G3S LONDRINA;CTE-213;TRANSPORTE DE SUCATA;7451.6;-7451.6; -  DOCUMENTO ELETRÔNICO REFERENCIADO;GSL LOGISTICA E TRANSPORTE LTDA;213-2/57;2026-03-18;2026-04-01;SAGI;Saídas (Aplicações)
8438;G3S PRUDENTE;CTE-878;TRANSPORTE DE SUCATA;600.0;-600; -  DOCUMENTO ELETRÔNICO REFERENCIADO;GSL LOGISTICA E TRANSPORTE LTDA;878-1/57;2026-03-18;NAO PAGO;SAGI;Saídas (Aplicações)
8436;G3S PRUDENTE;CTE-880;TRANSPORTE DE SUCATA;600.0;-600; -  DOCUMENTO ELETRÔNICO REFERENCIADO;GSL LOGISTICA E TRANSPORTE LTDA;880-1/57;2026-03-18;NAO PAGO;SAGI;Saídas (Aplicações)
8435;G3S PRUDENTE;CTE-882;TRANSPORTE DE SUCATA;11056.8;-11056.8; -  DOCUMENTO ELETRÔNICO REFERENCIADO;GSL LOGISTICA E TRANSPORTE LTDA;882-1/57;2026-03-18;NAO PAGO;SAGI;Saídas (Aplicações)
8434;G3S PRUDENTE;CTE-883;TRANSPORTE DE SUCATA;600.0;-600; -  DOCUMENTO ELETRÔNICO REFERENCIADO;GSL LOGISTICA E TRANSPORTE LTDA;883-1/57;2026-03-19;NAO PAGO;SAGI;Saídas (Aplicações)
8433;G3S PRUDENTE;CTE-884;TRANSPORTE DE SUCATA;12450.8;-12450.8; -  DOCUMENTO ELETRÔNICO REFERENCIADO;GSL LOGISTICA E TRANSPORTE LTDA;884-1/57;2026-03-19;NAO PAGO;SAGI;Saídas (Aplicações)
8432;G3S PRUDENTE;CTE-885;TRANSPORTE DE SUCATA;8744.8;-8744.8; -  DOCUMENTO ELETRÔNICO REFERENCIADO;GSL LOGISTICA E TRANSPORTE LTDA;885-1/57;2026-03-19;NAO PAGO;SAGI;Saídas (Aplicações)
8373;G3S PRUDENTE;CTE-13468;FRETE DE COLETA;4340.0;-4340; -  DOCUMENTO ELETRÔNICO REFERENCIADO;G&S TRANSPORTE LOGISTICA E LOCACAO DE MAQUINAS E EQUIPAMENTO;13468-1/57;2026-03-20;NAO PAGO;SAGI;Saídas (Aplicações)
6996;G3S PRUDENTE;CTE-13469;FRETE DE COLETA;882.0;-882; -  DOCUMENTO ELETRÔNICO REFERENCIADO;G&S TRANSPORTE LOGISTICA E LOCACAO DE MAQUINAS E EQUIPAMENTO;13469-1/57;2026-03-20;NAO PAGO;SAGI;Saídas (Aplicações)
6995;G3S PRUDENTE;CTE-13470;FRETE DE COLETA;14.0;-14; -  DOCUMENTO ELETRÔNICO REFERENCIADO;G&S TRANSPORTE LOGISTICA E LOCACAO DE MAQUINAS E EQUIPAMENTO;13470-1/57;2026-03-20;NAO PAGO;SAGI;Saídas (Aplicações)
6997;G3S PRUDENTE;CTE-13471;FRETE DE COLETA;1008.0;-1008; -  DOCUMENTO ELETRÔNICO REFERENCIADO;G&S TRANSPORTE LOGISTICA E LOCACAO DE MAQUINAS E EQUIPAMENTO;13471-1/57;2026-03-20;NAO PAGO;SAGI;Saídas (Aplicações)
8509;G3S CAMPO GRANDE;CTE-164;TRANSPORTE DE SUCATA;1052.8;-1052.8; -  DOCUMENTO ELETRÔNICO REFERENCIADO;GSL LOGISTICA E TRANSPORTE LTDA;164-3/57;2026-03-20;2026-04-13;SAGI;Saídas (Aplicações)
8442;G3S PRUDENTE;CTE-873;TRANSPORTE DE SUCATA;7820.0;-7820; -  DOCUMENTO ELETRÔNICO REFERENCIADO;GSL LOGISTICA E TRANSPORTE LTDA;873-1/57;2026-03-20;NAO PAGO;SAGI;Saídas (Aplicações)
8437;G3S PRUDENTE;CTE-879;TRANSPORTE DE SUCATA;10162.6;-10162.6; -  DOCUMENTO ELETRÔNICO REFERENCIADO;GSL LOGISTICA E TRANSPORTE LTDA;879-1/57;2026-03-20;NAO PAGO;SAGI;Saídas (Aplicações)
8431;G3S PRUDENTE;CTE-886;TRANSPORTE DE SUCATA;11424.0;-11424; -  DOCUMENTO ELETRÔNICO REFERENCIADO;GSL LOGISTICA E TRANSPORTE LTDA;886-1/57;2026-03-20;NAO PAGO;SAGI;Saídas (Aplicações)
8430;G3S PRUDENTE;CTE-887;TRANSPORTE DE SUCATA;13015.2;-13015.2; -  DOCUMENTO ELETRÔNICO REFERENCIADO;GSL LOGISTICA E TRANSPORTE LTDA;887-1/57;2026-03-20;NAO PAGO;SAGI;Saídas (Aplicações)
8429;G3S PRUDENTE;CTE-888;TRANSPORTE DE SUCATA;600.0;-600; -  DOCUMENTO ELETRÔNICO REFERENCIADO;GSL LOGISTICA E TRANSPORTE LTDA;888-1/57;2026-03-20;NAO PAGO;SAGI;Saídas (Aplicações)
6486;G3S PRUDENTE;CTE-13472;FRETE DE COLETA;2282.0;-2282; -  DOCUMENTO ELETRÔNICO REFERENCIADO;G&S TRANSPORTE LOGISTICA E LOCACAO DE MAQUINAS E EQUIPAMENTO;13472-1/57;2026-03-23;NAO PAGO;SAGI;Saídas (Aplicações)
7103;G3S PRUDENTE;CTE-13473;FRETE DE COLETA;3220.0;-3220; -  DOCUMENTO ELETRÔNICO REFERENCIADO;G&S TRANSPORTE LOGISTICA E LOCACAO DE MAQUINAS E EQUIPAMENTO;13473-1/57;2026-03-23;NAO PAGO;SAGI;Saídas (Aplicações)
6704;G3S PRUDENTE;CTE-13474;FRETE DE COLETA;1862.0;-1862; -  DOCUMENTO ELETRÔNICO REFERENCIADO;G&S TRANSPORTE LOGISTICA E LOCACAO DE MAQUINAS E EQUIPAMENTO;13474-1/57;2026-03-23;NAO PAGO;SAGI;Saídas (Aplicações)
6697;G3S PRUDENTE;CTE-13475;FRETE DE COLETA;2254.0;-2254; -  DOCUMENTO ELETRÔNICO REFERENCIADO;G&S TRANSPORTE LOGISTICA E LOCACAO DE MAQUINAS E EQUIPAMENTO;13475-1/57;2026-03-23;NAO PAGO;SAGI;Saídas (Aplicações)
6998;G3S PRUDENTE;CTE-13476;FRETE DE COLETA;2754.0;-2754; -  DOCUMENTO ELETRÔNICO REFERENCIADO;G&S TRANSPORTE LOGISTICA E LOCACAO DE MAQUINAS E EQUIPAMENTO;13476-1/57;2026-03-23;NAO PAGO;SAGI;Saídas (Aplicações)
6693;G3S PRUDENTE;CTE-13477;FRETE DE COLETA;2737.0;-2737; -  DOCUMENTO ELETRÔNICO REFERENCIADO;G&S TRANSPORTE LOGISTICA E LOCACAO DE MAQUINAS E EQUIPAMENTO;13477-1/57;2026-03-23;NAO PAGO;SAGI;Saídas (Aplicações)
6703;G3S PRUDENTE;CTE-13478;FRETE DE COLETA;2686.0;-2686; -  DOCUMENTO ELETRÔNICO REFERENCIADO;G&S TRANSPORTE LOGISTICA E LOCACAO DE MAQUINAS E EQUIPAMENTO;13478-1/57;2026-03-23;NAO PAGO;SAGI;Saídas (Aplicações)
6702;G3S PRUDENTE;CTE-13479;FRETE DE COLETA;840.0;-840; -  DOCUMENTO ELETRÔNICO REFERENCIADO;G&S TRANSPORTE LOGISTICA E LOCACAO DE MAQUINAS E EQUIPAMENTO;13479-1/57;2026-03-23;NAO PAGO;SAGI;Saídas (Aplicações)
6999;G3S PRUDENTE;CTE-13480;FRETE DE COLETA;2338.0;-2338; -  DOCUMENTO ELETRÔNICO REFERENCIADO;G&S TRANSPORTE LOGISTICA E LOCACAO DE MAQUINAS E EQUIPAMENTO;13480-1/57;2026-03-23;NAO PAGO;SAGI;Saídas (Aplicações)
6691;G3S PRUDENTE;CTE-13481;FRETE DE COLETA;1890.0;-1890; -  DOCUMENTO ELETRÔNICO REFERENCIADO;G&S TRANSPORTE LOGISTICA E LOCACAO DE MAQUINAS E EQUIPAMENTO;13481-1/57;2026-03-23;NAO PAGO;SAGI;Saídas (Aplicações)
6684;G3S LONDRINA;CTE-220;TRANSPORTE DE SUCATA;7945.6;-7945.6; -  DOCUMENTO ELETRÔNICO REFERENCIADO;GSL LOGISTICA E TRANSPORTE LTDA;220-2/57;2026-03-23;2026-04-01;SAGI;Saídas (Aplicações)
8248;G3S PRUDENTE;CTE-889;TRANSPORTE DE SUCATA;600.0;-600; -  DOCUMENTO ELETRÔNICO REFERENCIADO;GSL LOGISTICA E TRANSPORTE LTDA;889-1/57;2026-03-23;NAO PAGO;SAGI;Saídas (Aplicações)
8249;G3S PRUDENTE;CTE-890;TRANSPORTE DE SUCATA;600.0;-600; -  DOCUMENTO ELETRÔNICO REFERENCIADO;GSL LOGISTICA E TRANSPORTE LTDA;890-1/57;2026-03-23;NAO PAGO;SAGI;Saídas (Aplicações)
8257;G3S PRUDENTE;CTE-891;TRANSPORTE DE SUCATA;10958.2;-10958.2; CTE 891 -  DOCUMENTO ELETRÔNICO REFERENCIADO;GSL LOGISTICA E TRANSPORTE LTDA;891-1/57;2026-03-24;NAO PAGO;SAGI;Saídas (Aplicações)
8258;G3S PRUDENTE;CTE-892;TRANSPORTE DE SUCATA;600.0;-600; CTE 892 -  DOCUMENTO ELETRÔNICO REFERENCIADO;GSL LOGISTICA E TRANSPORTE LTDA;892-1/57;2026-03-24;NAO PAGO;SAGI;Saídas (Aplicações)
6692;G3S PRUDENTE;CTE-13483;FRETE DE COLETA;714.0;-714; -  DOCUMENTO ELETRÔNICO REFERENCIADO;G&S TRANSPORTE LOGISTICA E LOCACAO DE MAQUINAS E EQUIPAMENTO;13483-1/57;2026-03-25;NAO PAGO;SAGI;Saídas (Aplicações)
6690;G3S PRUDENTE;CTE-13484;FRETE DE COLETA;2244.0;-2244; -  DOCUMENTO ELETRÔNICO REFERENCIADO;G&S TRANSPORTE LOGISTICA E LOCACAO DE MAQUINAS E EQUIPAMENTO;13484-1/57;2026-03-25;NAO PAGO;SAGI;Saídas (Aplicações)
6696;G3S PRUDENTE;CTE-13485;FRETE DE COLETA;102.0;-102; -  DOCUMENTO ELETRÔNICO REFERENCIADO;G&S TRANSPORTE LOGISTICA E LOCACAO DE MAQUINAS E EQUIPAMENTO;13485-1/57;2026-03-25;NAO PAGO;SAGI;Saídas (Aplicações)
6695;G3S PRUDENTE;CTE-13486;FRETE DE COLETA;2720.0;-2720; -  DOCUMENTO ELETRÔNICO REFERENCIADO;G&S TRANSPORTE LOGISTICA E LOCACAO DE MAQUINAS E EQUIPAMENTO;13486-1/57;2026-03-25;NAO PAGO;SAGI;Saídas (Aplicações)
6689;G3S PRUDENTE;CTE-13487;FRETE DE COLETA;5015.0;-5015; -  DOCUMENTO ELETRÔNICO REFERENCIADO;G&S TRANSPORTE LOGISTICA E LOCACAO DE MAQUINAS E EQUIPAMENTO;13487-1/57;2026-03-25;NAO PAGO;SAGI;Saídas (Aplicações)
7000;G3S PRUDENTE;CTE-13488;FRETE DE COLETA;1043.8;-1043.8; -  DOCUMENTO ELETRÔNICO REFERENCIADO;G&S TRANSPORTE LOGISTICA E LOCACAO DE MAQUINAS E EQUIPAMENTO;13488-1/57;2026-03-25;NAO PAGO;SAGI;Saídas (Aplicações)
6694;G3S PRUDENTE;CTE-13489;FRETE DE COLETA;3600.6;-3600.6; -  DOCUMENTO ELETRÔNICO REFERENCIADO;G&S TRANSPORTE LOGISTICA E LOCACAO DE MAQUINAS E EQUIPAMENTO;13489-1/57;2026-03-25;NAO PAGO;SAGI;Saídas (Aplicações)
6688;G3S PRUDENTE;CTE-13490;FRETE DE COLETA;1128.8;-1128.8; -  DOCUMENTO ELETRÔNICO REFERENCIADO;G&S TRANSPORTE LOGISTICA E LOCACAO DE MAQUINAS E EQUIPAMENTO;13490-1/57;2026-03-25;NAO PAGO;SAGI;Saídas (Aplicações)
6687;G3S PRUDENTE;CTE-13491;FRETE DE COLETA;102.0;-102; -  DOCUMENTO ELETRÔNICO REFERENCIADO;G&S TRANSPORTE LOGISTICA E LOCACAO DE MAQUINAS E EQUIPAMENTO;13491-1/57;2026-03-25;NAO PAGO;SAGI;Saídas (Aplicações)
6686;G3S PRUDENTE;CTE-13492;FRETE DE COLETA;3442.5;-3442.5; -  DOCUMENTO ELETRÔNICO REFERENCIADO;G&S TRANSPORTE LOGISTICA E LOCACAO DE MAQUINAS E EQUIPAMENTO;13492-1/57;2026-03-25;NAO PAGO;SAGI;Saídas (Aplicações)
7215;G3S PRUDENTE;CTE-13493;FRETE DE COLETA;725.9;-725.9; -  DOCUMENTO ELETRÔNICO REFERENCIADO;G&S TRANSPORTE LOGISTICA E LOCACAO DE MAQUINAS E EQUIPAMENTO;13493-1/57;2026-03-25;NAO PAGO;SAGI;Saídas (Aplicações)
7189;G3S PRUDENTE;CTE-13494;FRETE DE COLETA;680.0;-680; -  DOCUMENTO ELETRÔNICO REFERENCIADO;G&S TRANSPORTE LOGISTICA E LOCACAO DE MAQUINAS E EQUIPAMENTO;13494-1/57;2026-03-25;NAO PAGO;SAGI;Saídas (Aplicações)
8250;G3S PRUDENTE;CTE-893;TRANSPORTE DE SUCATA;13056.0;-13056; CTE 893 -  DOCUMENTO ELETRÔNICO REFERENCIADO;GSL LOGISTICA E TRANSPORTE LTDA;893-1/57;2026-03-25;NAO PAGO;SAGI;Saídas (Aplicações)
8251;G3S PRUDENTE;CTE-894;TRANSPORTE DE SUCATA;13725.8;-13725.8; CTE 894 -  DOCUMENTO ELETRÔNICO REFERENCIADO;GSL LOGISTICA E TRANSPORTE LTDA;894-1/57;2026-03-25;NAO PAGO;SAGI;Saídas (Aplicações)
8252;G3S PRUDENTE;CTE-895;TRANSPORTE DE SUCATA;10448.2;-10448.2; CTE 895 -  DOCUMENTO ELETRÔNICO REFERENCIADO;GSL LOGISTICA E TRANSPORTE LTDA;895-1/57;2026-03-25;NAO PAGO;SAGI;Saídas (Aplicações)
8253;G3S PRUDENTE;CTE-896;TRANSPORTE DE SUCATA;10890.2;-10890.2; CTE 896 -  DOCUMENTO ELETRÔNICO REFERENCIADO;GSL LOGISTICA E TRANSPORTE LTDA;896-1/57;2026-03-25;NAO PAGO;SAGI;Saídas (Aplicações)
8254;G3S PRUDENTE;CTE-897;TRANSPORTE DE SUCATA;4555.0;-4555; CTE 897 -  DOCUMENTO ELETRÔNICO REFERENCIADO;GSL LOGISTICA E TRANSPORTE LTDA;897-1/57;2026-03-25;NAO PAGO;SAGI;Saídas (Aplicações)
8255;G3S PRUDENTE;CTE-898;TRANSPORTE DE SUCATA;10648.8;-10648.8; CTE 898 -  DOCUMENTO ELETRÔNICO REFERENCIADO;GSL LOGISTICA E TRANSPORTE LTDA;898-1/57;2026-03-26;NAO PAGO;SAGI;Saídas (Aplicações)
6699;G3S PRUDENTE;CTE-13495;FRETE DE COLETA;2771.0;-2771; -  DOCUMENTO ELETRÔNICO REFERENCIADO;G&S TRANSPORTE LOGISTICA E LOCACAO DE MAQUINAS E EQUIPAMENTO;13495-1/57;2026-03-27;NAO PAGO;SAGI;Saídas (Aplicações)
6705;G3S PRUDENTE;CTE-13497;FRETE DE COLETA;2788.0;-2788; -  DOCUMENTO ELETRÔNICO REFERENCIADO;G&S TRANSPORTE LOGISTICA E LOCACAO DE MAQUINAS E EQUIPAMENTO;13497-1/57;2026-03-27;NAO PAGO;SAGI;Saídas (Aplicações)
7001;G3S PRUDENTE;CTE-13498;FRETE DE COLETA;2788.0;-2788; -  DOCUMENTO ELETRÔNICO REFERENCIADO;G&S TRANSPORTE LOGISTICA E LOCACAO DE MAQUINAS E EQUIPAMENTO;13498-1/57;2026-03-27;NAO PAGO;SAGI;Saídas (Aplicações)
7002;G3S PRUDENTE;CTE-13499;FRETE DE COLETA;1293.7;-1293.7; -  DOCUMENTO ELETRÔNICO REFERENCIADO;G&S TRANSPORTE LOGISTICA E LOCACAO DE MAQUINAS E EQUIPAMENTO;13499-1/57;2026-03-27;NAO PAGO;SAGI;Saídas (Aplicações)
7003;G3S PRUDENTE;CTE-13500;FRETE DE COLETA;2655.4;-2655.4; -  DOCUMENTO ELETRÔNICO REFERENCIADO;G&S TRANSPORTE LOGISTICA E LOCACAO DE MAQUINAS E EQUIPAMENTO;13500-1/57;2026-03-27;NAO PAGO;SAGI;Saídas (Aplicações)
7004;G3S PRUDENTE;CTE-13502;FRETE DE COLETA;2278.0;-2278; -  DOCUMENTO ELETRÔNICO REFERENCIADO;G&S TRANSPORTE LOGISTICA E LOCACAO DE MAQUINAS E EQUIPAMENTO;13502-1/57;2026-03-27;NAO PAGO;SAGI;Saídas (Aplicações)
7005;G3S PRUDENTE;CTE-13504;FRETE DE COLETA;2788.0;-2788; -  DOCUMENTO ELETRÔNICO REFERENCIADO;G&S TRANSPORTE LOGISTICA E LOCACAO DE MAQUINAS E EQUIPAMENTO;13504-1/57;2026-03-27;NAO PAGO;SAGI;Saídas (Aplicações)
7006;G3S PRUDENTE;CTE-13505;FRETE DE COLETA;2686.0;-2686; -  DOCUMENTO ELETRÔNICO REFERENCIADO;G&S TRANSPORTE LOGISTICA E LOCACAO DE MAQUINAS E EQUIPAMENTO;13505-1/57;2026-03-27;NAO PAGO;SAGI;Saídas (Aplicações)
8260;G3S CAMPO GRANDE;CTE-174;TRANSPORTE DE SUCATA;12604.8;-12604.8; -  DOCUMENTO ELETRÔNICO REFERENCIADO;GSL LOGISTICA E TRANSPORTE LTDA;174-3/57;2026-03-27;NAO PAGO;SAGI;Saídas (Aplicações)
8259;G3S CAMPO GRANDE;CTE-175;TRANSPORTE DE SUCATA;11801.4;-11801.4; -  DOCUMENTO ELETRÔNICO REFERENCIADO;GSL LOGISTICA E TRANSPORTE LTDA;175-3/57;2026-03-27;NAO PAGO;SAGI;Saídas (Aplicações)
8273;G3S CAMPO GRANDE;CTE-239;TRANSPORTE DE SUCATA;9342.0;-9342; -  DOCUMENTO ELETRÔNICO REFERENCIADO;GSL LOGISTICA E TRANSPORTE LTDA;239-2/57;2026-03-27;NAO PAGO;SAGI;Saídas (Aplicações)
8261;G3S CAMPO GRANDE;CTE-240;TRANSPORTE DE SUCATA;8100.0;-8100; -  DOCUMENTO ELETRÔNICO REFERENCIADO;GSL LOGISTICA E TRANSPORTE LTDA;240-2/57;2026-03-27;NAO PAGO;SAGI;Saídas (Aplicações)
8262;G3S CAMPO GRANDE;CTE-241;TRANSPORTE DE SUCATA;8100.0;-8100; -  DOCUMENTO ELETRÔNICO REFERENCIADO;GSL LOGISTICA E TRANSPORTE LTDA;241-2/57;2026-03-27;NAO PAGO;SAGI;Saídas (Aplicações)
8256;G3S PRUDENTE;CTE-899;TRANSPORTE DE SUCATA;11852.4;-11852.4; CTE 899 -  DOCUMENTO ELETRÔNICO REFERENCIADO;GSL LOGISTICA E TRANSPORTE LTDA;899-1/57;2026-03-27;NAO PAGO;SAGI;Saídas (Aplicações)
8263;G3S PRUDENTE;CTE-900;TRANSPORTE DE SUCATA;10920.8;-10920.8; -  DOCUMENTO ELETRÔNICO REFERENCIADO;GSL LOGISTICA E TRANSPORTE LTDA;900-1/57;2026-03-27;NAO PAGO;SAGI;Saídas (Aplicações)
8264;G3S PRUDENTE;CTE-901;TRANSPORTE DE SUCATA;10880.0;-10880; -  DOCUMENTO ELETRÔNICO REFERENCIADO;GSL LOGISTICA E TRANSPORTE LTDA;901-1/57;2026-03-27;NAO PAGO;SAGI;Saídas (Aplicações)
8265;G3S PRUDENTE;CTE-902;TRANSPORTE DE SUCATA;10880.0;-10880; -  DOCUMENTO ELETRÔNICO REFERENCIADO;GSL LOGISTICA E TRANSPORTE LTDA;902-1/57;2026-03-27;NAO PAGO;SAGI;Saídas (Aplicações)
8266;G3S PRUDENTE;CTE-903;TRANSPORTE DE SUCATA;10880.0;-10880; -  DOCUMENTO ELETRÔNICO REFERENCIADO;GSL LOGISTICA E TRANSPORTE LTDA;903-1/57;2026-03-27;NAO PAGO;SAGI;Saídas (Aplicações)
6396;G3S MARINGA;CTE-5258;FRETE DE COLETA;686.0;-686; -  DOCUMENTO ELETRÔNICO REFERENCIADO;G&S TRANSPORTE LOGISTICA E LOCACAO DE MAQUINAS E EQUIPAMENTO;5258-2/57;2026-03-28;NAO PAGO;SAGI;Saídas (Aplicações)
6736;G3S MARINGA;CTE-5259;FRETE DE COLETA;560.0;-560; -  DOCUMENTO ELETRÔNICO REFERENCIADO;G&S TRANSPORTE LOGISTICA E LOCACAO DE MAQUINAS E EQUIPAMENTO;5259-2/57;2026-03-28;NAO PAGO;SAGI;Saídas (Aplicações)
6737;G3S MARINGA;CTE-5260;FRETE DE COLETA;392.0;-392; -  DOCUMENTO ELETRÔNICO REFERENCIADO;G&S TRANSPORTE LOGISTICA E LOCACAO DE MAQUINAS E EQUIPAMENTO;5260-2/57;2026-03-28;NAO PAGO;SAGI;Saídas (Aplicações)
6738;G3S MARINGA;CTE-5261;FRETE DE COLETA;420.0;-420; -  DOCUMENTO ELETRÔNICO REFERENCIADO;G&S TRANSPORTE LOGISTICA E LOCACAO DE MAQUINAS E EQUIPAMENTO;5261-2/57;2026-03-28;NAO PAGO;SAGI;Saídas (Aplicações)
6758;G3S MARINGA;CTE-5262;FRETE DE COLETA;2016.0;-2016; -  DOCUMENTO ELETRÔNICO REFERENCIADO;G&S TRANSPORTE LOGISTICA E LOCACAO DE MAQUINAS E EQUIPAMENTO;5262-2/57;2026-03-28;NAO PAGO;SAGI;Saídas (Aplicações)
6753;G3S MARINGA;CTE-5263;FRETE DE COLETA;812.0;-812; -  DOCUMENTO ELETRÔNICO REFERENCIADO;G&S TRANSPORTE LOGISTICA E LOCACAO DE MAQUINAS E EQUIPAMENTO;5263-2/57;2026-03-28;NAO PAGO;SAGI;Saídas (Aplicações)
6754;G3S MARINGA;CTE-5264;FRETE DE COLETA;70.0;-70; -  DOCUMENTO ELETRÔNICO REFERENCIADO;G&S TRANSPORTE LOGISTICA E LOCACAO DE MAQUINAS E EQUIPAMENTO;5264-2/57;2026-03-28;NAO PAGO;SAGI;Saídas (Aplicações)
6767;G3S MARINGA;CTE-5265;FRETE DE COLETA;686.0;-686; -  DOCUMENTO ELETRÔNICO REFERENCIADO;G&S TRANSPORTE LOGISTICA E LOCACAO DE MAQUINAS E EQUIPAMENTO;5265-2/57;2026-03-28;NAO PAGO;SAGI;Saídas (Aplicações)
6755;G3S MARINGA;CTE-5266;FRETE DE COLETA;182.0;-182; -  DOCUMENTO ELETRÔNICO REFERENCIADO;G&S TRANSPORTE LOGISTICA E LOCACAO DE MAQUINAS E EQUIPAMENTO;5266-2/57;2026-03-28;NAO PAGO;SAGI;Saídas (Aplicações)
6756;G3S MARINGA;CTE-5267;FRETE DE COLETA;1862.0;-1862; -  DOCUMENTO ELETRÔNICO REFERENCIADO;G&S TRANSPORTE LOGISTICA E LOCACAO DE MAQUINAS E EQUIPAMENTO;5267-2/57;2026-03-28;NAO PAGO;SAGI;Saídas (Aplicações)
6757;G3S MARINGA;CTE-5268;FRETE DE COLETA;602.0;-602; -  DOCUMENTO ELETRÔNICO REFERENCIADO;G&S TRANSPORTE LOGISTICA E LOCACAO DE MAQUINAS E EQUIPAMENTO;5268-2/57;2026-03-28;NAO PAGO;SAGI;Saídas (Aplicações)
6768;G3S MARINGA;CTE-5269;FRETE DE COLETA;588.0;-588; -  DOCUMENTO ELETRÔNICO REFERENCIADO;G&S TRANSPORTE LOGISTICA E LOCACAO DE MAQUINAS E EQUIPAMENTO;5269-2/57;2026-03-28;NAO PAGO;SAGI;Saídas (Aplicações)
6824;G3S MARINGA;CTE-5270;FRETE DE COLETA;126.0;-126; -  DOCUMENTO ELETRÔNICO REFERENCIADO;G&S TRANSPORTE LOGISTICA E LOCACAO DE MAQUINAS E EQUIPAMENTO;5270-2/57;2026-03-28;NAO PAGO;SAGI;Saídas (Aplicações)
6825;G3S MARINGA;CTE-5271;FRETE DE COLETA;1666.0;-1666; -  DOCUMENTO ELETRÔNICO REFERENCIADO;G&S TRANSPORTE LOGISTICA E LOCACAO DE MAQUINAS E EQUIPAMENTO;5271-2/57;2026-03-28;NAO PAGO;SAGI;Saídas (Aplicações)
6826;G3S MARINGA;CTE-5272;FRETE DE COLETA;1666.0;-1666; -  DOCUMENTO ELETRÔNICO REFERENCIADO;G&S TRANSPORTE LOGISTICA E LOCACAO DE MAQUINAS E EQUIPAMENTO;5272-2/57;2026-03-28;NAO PAGO;SAGI;Saídas (Aplicações)
8286;G3S LONDRINA;CTE-5273;FRETE DE COLETA;17.0;-17; -  DOCUMENTO ELETRÔNICO REFERENCIADO;G&S TRANSPORTE LOGISTICA E LOCACAO DE MAQUINAS E EQUIPAMENTO;5273-2/57;2026-03-28;NAO PAGO;SAGI;Saídas (Aplicações)
6827;G3S MARINGA;CTE-5274;FRETE DE COLETA;924.0;-924; -  DOCUMENTO ELETRÔNICO REFERENCIADO;G&S TRANSPORTE LOGISTICA E LOCACAO DE MAQUINAS E EQUIPAMENTO;5274-2/57;2026-03-28;NAO PAGO;SAGI;Saídas (Aplicações)
6828;G3S MARINGA;CTE-5275;FRETE DE COLETA;1988.0;-1988; -  DOCUMENTO ELETRÔNICO REFERENCIADO;G&S TRANSPORTE LOGISTICA E LOCACAO DE MAQUINAS E EQUIPAMENTO;5275-2/57;2026-03-28;NAO PAGO;SAGI;Saídas (Aplicações)
6830;G3S MARINGA;CTE-5276;FRETE DE COLETA;272.0;-272; -  DOCUMENTO ELETRÔNICO REFERENCIADO;G&S TRANSPORTE LOGISTICA E LOCACAO DE MAQUINAS E EQUIPAMENTO;5276-2/57;2026-03-28;NAO PAGO;SAGI;Saídas (Aplicações)
6831;G3S MARINGA;CTE-5277;FRETE DE COLETA;2108.0;-2108; -  DOCUMENTO ELETRÔNICO REFERENCIADO;G&S TRANSPORTE LOGISTICA E LOCACAO DE MAQUINAS E EQUIPAMENTO;5277-2/57;2026-03-28;NAO PAGO;SAGI;Saídas (Aplicações)
6833;G3S MARINGA;CTE-5278;FRETE DE COLETA;323.0;-323; -  DOCUMENTO ELETRÔNICO REFERENCIADO;G&S TRANSPORTE LOGISTICA E LOCACAO DE MAQUINAS E EQUIPAMENTO;5278-2/57;2026-03-28;NAO PAGO;SAGI;Saídas (Aplicações)
6834;G3S MARINGA;CTE-5279;FRETE DE COLETA;2754.0;-2754; -  DOCUMENTO ELETRÔNICO REFERENCIADO;G&S TRANSPORTE LOGISTICA E LOCACAO DE MAQUINAS E EQUIPAMENTO;5279-2/57;2026-03-28;NAO PAGO;SAGI;Saídas (Aplicações)
6835;G3S MARINGA;CTE-5280;FRETE DE COLETA;1581.0;-1581; -  DOCUMENTO ELETRÔNICO REFERENCIADO;G&S TRANSPORTE LOGISTICA E LOCACAO DE MAQUINAS E EQUIPAMENTO;5280-2/57;2026-03-28;NAO PAGO;SAGI;Saídas (Aplicações)
6836;G3S MARINGA;CTE-5281;FRETE DE COLETA;357.0;-357; -  DOCUMENTO ELETRÔNICO REFERENCIADO;G&S TRANSPORTE LOGISTICA E LOCACAO DE MAQUINAS E EQUIPAMENTO;5281-2/57;2026-03-28;NAO PAGO;SAGI;Saídas (Aplicações)
6837;G3S MARINGA;CTE-5282;FRETE DE COLETA;2108.0;-2108; -  DOCUMENTO ELETRÔNICO REFERENCIADO;G&S TRANSPORTE LOGISTICA E LOCACAO DE MAQUINAS E EQUIPAMENTO;5282-2/57;2026-03-28;NAO PAGO;SAGI;Saídas (Aplicações)
6838;G3S MARINGA;CTE-5283;FRETE DE COLETA;697.0;-697; -  DOCUMENTO ELETRÔNICO REFERENCIADO;G&S TRANSPORTE LOGISTICA E LOCACAO DE MAQUINAS E EQUIPAMENTO;5283-2/57;2026-03-28;NAO PAGO;SAGI;Saídas (Aplicações)
8287;G3S LONDRINA;CTE-5284;FRETE DE COLETA;289.0;-289; -  DOCUMENTO ELETRÔNICO REFERENCIADO;G&S TRANSPORTE LOGISTICA E LOCACAO DE MAQUINAS E EQUIPAMENTO;5284-2/57;2026-03-28;NAO PAGO;SAGI;Saídas (Aplicações)
8288;G3S LONDRINA;CTE-5285;FRETE DE COLETA;102.0;-102; -  DOCUMENTO ELETRÔNICO REFERENCIADO;G&S TRANSPORTE LOGISTICA E LOCACAO DE MAQUINAS E EQUIPAMENTO;5285-2/57;2026-03-28;NAO PAGO;SAGI;Saídas (Aplicações)
6698;G3S PRUDENTE;CTE-13482;FRETE DE COLETA;2310.0;-2310; -  DOCUMENTO ELETRÔNICO REFERENCIADO;G&S TRANSPORTE LOGISTICA E LOCACAO DE MAQUINAS E EQUIPAMENTO;13482-1/57;2026-03-30;NAO PAGO;SAGI;Saídas (Aplicações)
8268;G3S CAMPO GRANDE;CTE-176;TRANSPORTE DE SUCATA;12990.9;-12990.9; -  DOCUMENTO ELETRÔNICO REFERENCIADO;GSL LOGISTICA E TRANSPORTE LTDA;176-3/57;2026-03-30;NAO PAGO;SAGI;Saídas (Aplicações)
8269;G3S CAMPO GRANDE;CTE-177;TRANSPORTE DE SUCATA;16290.03;-16290.03; -  DOCUMENTO ELETRÔNICO REFERENCIADO;GSL LOGISTICA E TRANSPORTE LTDA;177-3/57;2026-03-30;NAO PAGO;SAGI;Saídas (Aplicações)
8270;G3S CAMPO GRANDE;CTE-242;TRANSPORTE DE SUCATA;9363.6;-9363.6; -  DOCUMENTO ELETRÔNICO REFERENCIADO;GSL LOGISTICA E TRANSPORTE LTDA;242-2/57;2026-03-30;NAO PAGO;SAGI;Saídas (Aplicações)
8271;G3S CAMPO GRANDE;CTE-245;TRANSPORTE DE SUCATA;9406.8;-9406.8; -  DOCUMENTO ELETRÔNICO REFERENCIADO;GSL LOGISTICA E TRANSPORTE LTDA;245-2/57;2026-03-30;NAO PAGO;SAGI;Saídas (Aplicações)
6839;G3S MARINGA;CTE-5286;FRETE DE COLETA;1751.0;-1751; -  DOCUMENTO ELETRÔNICO REFERENCIADO;G&S TRANSPORTE LOGISTICA E LOCACAO DE MAQUINAS E EQUIPAMENTO;5286-2/57;2026-03-30;NAO PAGO;SAGI;Saídas (Aplicações)
6840;G3S MARINGA;CTE-5287;FRETE DE COLETA;2312.0;-2312; -  DOCUMENTO ELETRÔNICO REFERENCIADO;G&S TRANSPORTE LOGISTICA E LOCACAO DE MAQUINAS E EQUIPAMENTO;5287-2/57;2026-03-30;NAO PAGO;SAGI;Saídas (Aplicações)
6841;G3S MARINGA;CTE-5288;FRETE DE COLETA;2397.0;-2397; -  DOCUMENTO ELETRÔNICO REFERENCIADO;G&S TRANSPORTE LOGISTICA E LOCACAO DE MAQUINAS E EQUIPAMENTO;5288-2/57;2026-03-30;NAO PAGO;SAGI;Saídas (Aplicações)
7185;G3S MARINGA;CTE-5289;FRETE DE COLETA;2108.0;-2108; -  DOCUMENTO ELETRÔNICO REFERENCIADO;G&S TRANSPORTE LOGISTICA E LOCACAO DE MAQUINAS E EQUIPAMENTO;5289-2/57;2026-03-30;NAO PAGO;SAGI;Saídas (Aplicações)
6842;G3S MARINGA;CTE-5290;FRETE DE COLETA;782.0;-782; -  DOCUMENTO ELETRÔNICO REFERENCIADO;G&S TRANSPORTE LOGISTICA E LOCACAO DE MAQUINAS E EQUIPAMENTO;5290-2/57;2026-03-30;NAO PAGO;SAGI;Saídas (Aplicações)
6843;G3S MARINGA;CTE-5291;FRETE DE COLETA;782.0;-782; -  DOCUMENTO ELETRÔNICO REFERENCIADO;G&S TRANSPORTE LOGISTICA E LOCACAO DE MAQUINAS E EQUIPAMENTO;5291-2/57;2026-03-30;NAO PAGO;SAGI;Saídas (Aplicações)
6844;G3S MARINGA;CTE-5292;FRETE DE COLETA;5440.0;-5440; -  DOCUMENTO ELETRÔNICO REFERENCIADO;G&S TRANSPORTE LOGISTICA E LOCACAO DE MAQUINAS E EQUIPAMENTO;5292-2/57;2026-03-30;NAO PAGO;SAGI;Saídas (Aplicações)
6845;G3S MARINGA;CTE-5293;FRETE DE COLETA;5440.0;-5440; -  DOCUMENTO ELETRÔNICO REFERENCIADO;G&S TRANSPORTE LOGISTICA E LOCACAO DE MAQUINAS E EQUIPAMENTO;5293-2/57;2026-03-30;NAO PAGO;SAGI;Saídas (Aplicações)
6846;G3S MARINGA;CTE-5294;FRETE DE COLETA;901.0;-901; -  DOCUMENTO ELETRÔNICO REFERENCIADO;G&S TRANSPORTE LOGISTICA E LOCACAO DE MAQUINAS E EQUIPAMENTO;5294-2/57;2026-03-30;NAO PAGO;SAGI;Saídas (Aplicações)
6847;G3S MARINGA;CTE-5295;FRETE DE COLETA;952.0;-952; -  DOCUMENTO ELETRÔNICO REFERENCIADO;G&S TRANSPORTE LOGISTICA E LOCACAO DE MAQUINAS E EQUIPAMENTO;5295-2/57;2026-03-30;NAO PAGO;SAGI;Saídas (Aplicações)
6848;G3S MARINGA;CTE-5296;FRETE DE COLETA;255.0;-255; -  DOCUMENTO ELETRÔNICO REFERENCIADO;G&S TRANSPORTE LOGISTICA E LOCACAO DE MAQUINAS E EQUIPAMENTO;5296-2/57;2026-03-30;NAO PAGO;SAGI;Saídas (Aplicações)
6849;G3S MARINGA;CTE-5297;FRETE DE COLETA;2873.0;-2873; -  DOCUMENTO ELETRÔNICO REFERENCIADO;G&S TRANSPORTE LOGISTICA E LOCACAO DE MAQUINAS E EQUIPAMENTO;5297-2/57;2026-03-30;NAO PAGO;SAGI;Saídas (Aplicações)
6850;G3S MARINGA;CTE-5298;FRETE DE COLETA;2873.0;-2873; -  DOCUMENTO ELETRÔNICO REFERENCIADO;G&S TRANSPORTE LOGISTICA E LOCACAO DE MAQUINAS E EQUIPAMENTO;5298-2/57;2026-03-30;NAO PAGO;SAGI;Saídas (Aplicações)
6851;G3S MARINGA;CTE-5299;FRETE DE COLETA;2414.0;-2414; -  DOCUMENTO ELETRÔNICO REFERENCIADO;G&S TRANSPORTE LOGISTICA E LOCACAO DE MAQUINAS E EQUIPAMENTO;5299-2/57;2026-03-30;NAO PAGO;SAGI;Saídas (Aplicações)
6852;G3S MARINGA;CTE-5300;FRETE DE COLETA;2193.0;-2193; -  DOCUMENTO ELETRÔNICO REFERENCIADO;G&S TRANSPORTE LOGISTICA E LOCACAO DE MAQUINAS E EQUIPAMENTO;5300-2/57;2026-03-30;NAO PAGO;SAGI;Saídas (Aplicações)
6853;G3S MARINGA;CTE-5301;FRETE DE COLETA;2142.0;-2142; -  DOCUMENTO ELETRÔNICO REFERENCIADO;G&S TRANSPORTE LOGISTICA E LOCACAO DE MAQUINAS E EQUIPAMENTO;5301-2/57;2026-03-30;NAO PAGO;SAGI;Saídas (Aplicações)
6854;G3S MARINGA;CTE-5302;FRETE DE COLETA;2244.0;-2244; -  DOCUMENTO ELETRÔNICO REFERENCIADO;G&S TRANSPORTE LOGISTICA E LOCACAO DE MAQUINAS E EQUIPAMENTO;5302-2/57;2026-03-30;NAO PAGO;SAGI;Saídas (Aplicações)
6855;G3S MARINGA;CTE-5303;FRETE DE COLETA;68.0;-68; -  DOCUMENTO ELETRÔNICO REFERENCIADO;G&S TRANSPORTE LOGISTICA E LOCACAO DE MAQUINAS E EQUIPAMENTO;5303-2/57;2026-03-30;NAO PAGO;SAGI;Saídas (Aplicações)
6856;G3S MARINGA;CTE-5304;FRETE DE COLETA;170.0;-170; -  DOCUMENTO ELETRÔNICO REFERENCIADO;G&S TRANSPORTE LOGISTICA E LOCACAO DE MAQUINAS E EQUIPAMENTO;5304-2/57;2026-03-30;NAO PAGO;SAGI;Saídas (Aplicações)
6857;G3S MARINGA;CTE-5305;FRETE DE COLETA;425.0;-425; -  DOCUMENTO ELETRÔNICO REFERENCIADO;G&S TRANSPORTE LOGISTICA E LOCACAO DE MAQUINAS E EQUIPAMENTO;5305-2/57;2026-03-30;NAO PAGO;SAGI;Saídas (Aplicações)
8289;G3S LONDRINA;CTE-5306;FRETE DE COLETA;272.0;-272; -  DOCUMENTO ELETRÔNICO REFERENCIADO;G&S TRANSPORTE LOGISTICA E LOCACAO DE MAQUINAS E EQUIPAMENTO;5306-2/57;2026-03-30;NAO PAGO;SAGI;Saídas (Aplicações)
8290;G3S LONDRINA;CTE-5307;FRETE DE COLETA;204.0;-204; -  DOCUMENTO ELETRÔNICO REFERENCIADO;G&S TRANSPORTE LOGISTICA E LOCACAO DE MAQUINAS E EQUIPAMENTO;5307-2/57;2026-03-30;NAO PAGO;SAGI;Saídas (Aplicações)
7184;G3S MARINGA;CTE-5308;FRETE DE COLETA;1207.0;-1207; -  DOCUMENTO ELETRÔNICO REFERENCIADO;G&S TRANSPORTE LOGISTICA E LOCACAO DE MAQUINAS E EQUIPAMENTO;5308-2/57;2026-03-30;NAO PAGO;SAGI;Saídas (Aplicações)
7183;G3S MARINGA;CTE-5309;FRETE DE COLETA;1921.0;-1921; -  DOCUMENTO ELETRÔNICO REFERENCIADO;G&S TRANSPORTE LOGISTICA E LOCACAO DE MAQUINAS E EQUIPAMENTO;5309-2/57;2026-03-30;NAO PAGO;SAGI;Saídas (Aplicações)
7182;G3S MARINGA;CTE-5310;FRETE DE COLETA;204.0;-204; -  DOCUMENTO ELETRÔNICO REFERENCIADO;G&S TRANSPORTE LOGISTICA E LOCACAO DE MAQUINAS E EQUIPAMENTO;5310-2/57;2026-03-30;NAO PAGO;SAGI;Saídas (Aplicações)
7181;G3S MARINGA;CTE-5311;FRETE DE COLETA;2873.0;-2873; -  DOCUMENTO ELETRÔNICO REFERENCIADO;G&S TRANSPORTE LOGISTICA E LOCACAO DE MAQUINAS E EQUIPAMENTO;5311-2/57;2026-03-30;NAO PAGO;SAGI;Saídas (Aplicações)
8267;G3S PRUDENTE;CTE-904;TRANSPORTE DE SUCATA;600.0;-600; -  DOCUMENTO ELETRÔNICO REFERENCIADO;GSL LOGISTICA E TRANSPORTE LTDA;904-1/57;2026-03-30;NAO PAGO;SAGI;Saídas (Aplicações)
8219;G3S PRUDENTE;CTE-13496;FRETE DE COLETA;425.0;-425; -  DOCUMENTO ELETRÔNICO REFERENCIADO;G&S TRANSPORTE LOGISTICA E LOCACAO DE MAQUINAS E EQUIPAMENTO;13496-1/57;2026-03-31;NAO PAGO;SAGI;Saídas (Aplicações)
8220;G3S PRUDENTE;CTE-13506;FRETE DE COLETA;340.0;-340; -  DOCUMENTO ELETRÔNICO REFERENCIADO;G&S TRANSPORTE LOGISTICA E LOCACAO DE MAQUINAS E EQUIPAMENTO;13506-1/57;2026-03-31;NAO PAGO;SAGI;Saídas (Aplicações)
8272;G3S CAMPO GRANDE;CTE-178;TRANSPORTE DE SUCATA;12222.6;-12222.6; -  DOCUMENTO ELETRÔNICO REFERENCIADO;GSL LOGISTICA E TRANSPORTE LTDA;178-3/57;2026-03-31;NAO PAGO;SAGI;Saídas (Aplicações)
8274;G3S CAMPO GRANDE;CTE-246;TRANSPORTE DE SUCATA;7092.9;-7092.9; -  DOCUMENTO ELETRÔNICO REFERENCIADO;GSL LOGISTICA E TRANSPORTE LTDA;246-2/57;2026-03-31;NAO PAGO;SAGI;Saídas (Aplicações)
8279;G3S DOURADOS;CTE-2495;FRETE DE COLETA;4641.0;-4641; SERVICO DE FRETE DE SUCATAS -  DOCUMENTO ELETRÔNICO REFERENCIADO;G&S TRANSPORTE LOGISTICA E LOCACAO DE MAQUINAS E EQUIPAMENTO;2495-3/57;2026-03-31;NAO PAGO;SAGI;Saídas (Aplicações)
8280;G3S DOURADOS;CTE-2496;FRETE DE COLETA;204.0;-204; SERVICO DE FRETE DE SUCATAS -  DOCUMENTO ELETRÔNICO REFERENCIADO;G&S TRANSPORTE LOGISTICA E LOCACAO DE MAQUINAS E EQUIPAMENTO;2496-3/57;2026-03-31;NAO PAGO;SAGI;Saídas (Aplicações)
8281;G3S DOURADOS;CTE-2497;FRETE DE COLETA;170.0;-170; SERVICO DE FRETE DE SUCATAS -  DOCUMENTO ELETRÔNICO REFERENCIADO;G&S TRANSPORTE LOGISTICA E LOCACAO DE MAQUINAS E EQUIPAMENTO;2497-3/57;2026-03-31;NAO PAGO;SAGI;Saídas (Aplicações)
8282;G3S DOURADOS;CTE-2498;FRETE DE COLETA;170.0;-170; SERVICO DE FRETE DE SUCATAS -  DOCUMENTO ELETRÔNICO REFERENCIADO;G&S TRANSPORTE LOGISTICA E LOCACAO DE MAQUINAS E EQUIPAMENTO;2498-3/57;2026-03-31;NAO PAGO;SAGI;Saídas (Aplicações)
8283;G3S DOURADOS;CTE-2499;FRETE DE COLETA;391.0;-391; SERVICO DE FRETE DE SUCATAS -  DOCUMENTO ELETRÔNICO REFERENCIADO;G&S TRANSPORTE LOGISTICA E LOCACAO DE MAQUINAS E EQUIPAMENTO;2499-3/57;2026-03-31;NAO PAGO;SAGI;Saídas (Aplicações)
8284;G3S DOURADOS;CTE-2500;FRETE DE COLETA;2533.0;-2533; SERVICO DE FRETE DE SUCATAS -  DOCUMENTO ELETRÔNICO REFERENCIADO;G&S TRANSPORTE LOGISTICA E LOCACAO DE MAQUINAS E EQUIPAMENTO;2500-3/57;2026-03-31;NAO PAGO;SAGI;Saídas (Aplicações)
8350;G3S DOURADOS;CTE-2501;FRETE DE COLETA;2516.0;-2516; SERVICO DE FRETE DE SUCATAS -  DOCUMENTO ELETRÔNICO REFERENCIADO;G&S TRANSPORTE LOGISTICA E LOCACAO DE MAQUINAS E EQUIPAMENTO;2501-3/57;2026-03-31;NAO PAGO;SAGI;Saídas (Aplicações)
8362;G3S DOURADOS;CTE-2502;FRETE DE COLETA;2805.0;-2805; SERVICO DE FRETE DE SUCATAS -  DOCUMENTO ELETRÔNICO REFERENCIADO;G&S TRANSPORTE LOGISTICA E LOCACAO DE MAQUINAS E EQUIPAMENTO;2502-3/57;2026-03-31;NAO PAGO;SAGI;Saídas (Aplicações)
8363;G3S DOURADOS;CTE-2503;FRETE DE COLETA;7395.0;-7395; SERVICO DE FRETE DE SUCATAS -  DOCUMENTO ELETRÔNICO REFERENCIADO;G&S TRANSPORTE LOGISTICA E LOCACAO DE MAQUINAS E EQUIPAMENTO;2503-3/57;2026-03-31;NAO PAGO;SAGI;Saídas (Aplicações)
8364;G3S DOURADOS;CTE-2504;FRETE DE COLETA;1190.0;-1190; SERVICO DE FRETE DE SUCATAS -  DOCUMENTO ELETRÔNICO REFERENCIADO;G&S TRANSPORTE LOGISTICA E LOCACAO DE MAQUINAS E EQUIPAMENTO;2504-3/57;2026-03-31;NAO PAGO;SAGI;Saídas (Aplicações)
8365;G3S DOURADOS;CTE-2505;FRETE DE COLETA;34.0;-34; SERVICO DE FRETE DE SUCATAS -  DOCUMENTO ELETRÔNICO REFERENCIADO;G&S TRANSPORTE LOGISTICA E LOCACAO DE MAQUINAS E EQUIPAMENTO;2505-3/57;2026-03-31;NAO PAGO;SAGI;Saídas (Aplicações)
8366;G3S DOURADOS;CTE-2506;FRETE DE COLETA;272.0;-272; SERVICO DE FRETE DE SUCATAS -  DOCUMENTO ELETRÔNICO REFERENCIADO;G&S TRANSPORTE LOGISTICA E LOCACAO DE MAQUINAS E EQUIPAMENTO;2506-3/57;2026-03-31;NAO PAGO;SAGI;Saídas (Aplicações)
8367;G3S DOURADOS;CTE-2507;FRETE DE COLETA;4182.0;-4182; SERVICO DE FRETE DE SUCATAS -  DOCUMENTO ELETRÔNICO REFERENCIADO;G&S TRANSPORTE LOGISTICA E LOCACAO DE MAQUINAS E EQUIPAMENTO;2507-3/57;2026-03-31;NAO PAGO;SAGI;Saídas (Aplicações)
8368;G3S DOURADOS;CTE-2508;FRETE DE COLETA;289.0;-289; SERVICO DE FRETE DE SUCATAS -  DOCUMENTO ELETRÔNICO REFERENCIADO;G&S TRANSPORTE LOGISTICA E LOCACAO DE MAQUINAS E EQUIPAMENTO;2508-3/57;2026-03-31;NAO PAGO;SAGI;Saídas (Aplicações)
6256;G3S CAMPO GRANDE;CTE-2517;FRETE DE COLETA;5678.0;-5678; -  DOCUMENTO ELETRÔNICO REFERENCIADO;G&S TRANSPORTE LOGISTICA E LOCACAO DE MAQUINAS E EQUIPAMENTO;2517-3/57;2026-03-31;NAO PAGO;SAGI;Saídas (Aplicações)
6257;G3S CAMPO GRANDE;CTE-2518;FRETE DE COLETA;2040.0;-2040; -  DOCUMENTO ELETRÔNICO REFERENCIADO;G&S TRANSPORTE LOGISTICA E LOCACAO DE MAQUINAS E EQUIPAMENTO;2518-3/57;2026-03-31;NAO PAGO;SAGI;Saídas (Aplicações)
6258;G3S CAMPO GRANDE;CTE-2519;FRETE DE COLETA;204.0;-204; -  DOCUMENTO ELETRÔNICO REFERENCIADO;G&S TRANSPORTE LOGISTICA E LOCACAO DE MAQUINAS E EQUIPAMENTO;2519-3/57;2026-03-31;NAO PAGO;SAGI;Saídas (Aplicações)
6259;G3S CAMPO GRANDE;CTE-2520;FRETE DE COLETA;221.0;-221; -  DOCUMENTO ELETRÔNICO REFERENCIADO;G&S TRANSPORTE LOGISTICA E LOCACAO DE MAQUINAS E EQUIPAMENTO;2520-3/57;2026-03-31;NAO PAGO;SAGI;Saídas (Aplicações)
6262;G3S CAMPO GRANDE;CTE-2521;FRETE DE COLETA;1020.0;-1020; -  DOCUMENTO ELETRÔNICO REFERENCIADO;G&S TRANSPORTE LOGISTICA E LOCACAO DE MAQUINAS E EQUIPAMENTO;2521-3/57;2026-03-31;NAO PAGO;SAGI;Saídas (Aplicações)
6263;G3S CAMPO GRANDE;CTE-2522;FRETE DE COLETA;510.0;-510; -  DOCUMENTO ELETRÔNICO REFERENCIADO;G&S TRANSPORTE LOGISTICA E LOCACAO DE MAQUINAS E EQUIPAMENTO;2522-3/57;2026-03-31;NAO PAGO;SAGI;Saídas (Aplicações)
6264;G3S CAMPO GRANDE;CTE-2523;FRETE DE COLETA;663.0;-663; -  DOCUMENTO ELETRÔNICO REFERENCIADO;G&S TRANSPORTE LOGISTICA E LOCACAO DE MAQUINAS E EQUIPAMENTO;2523-3/57;2026-03-31;NAO PAGO;SAGI;Saídas (Aplicações)
6265;G3S CAMPO GRANDE;CTE-2524;FRETE DE COLETA;187.0;-187; -  DOCUMENTO ELETRÔNICO REFERENCIADO;G&S TRANSPORTE LOGISTICA E LOCACAO DE MAQUINAS E EQUIPAMENTO;2524-3/57;2026-03-31;NAO PAGO;SAGI;Saídas (Aplicações)
6472;G3S CAMPO GRANDE;CTE-2525;FRETE DE COLETA;4896.0;-4896; -  DOCUMENTO ELETRÔNICO REFERENCIADO;G&S TRANSPORTE LOGISTICA E LOCACAO DE MAQUINAS E EQUIPAMENTO;2525-3/57;2026-03-31;NAO PAGO;SAGI;Saídas (Aplicações)
6266;G3S CAMPO GRANDE;CTE-2528;FRETE DE COLETA;391.0;-391; -  DOCUMENTO ELETRÔNICO REFERENCIADO;G&S TRANSPORTE LOGISTICA E LOCACAO DE MAQUINAS E EQUIPAMENTO;2528-3/57;2026-03-31;NAO PAGO;SAGI;Saídas (Aplicações)
6267;G3S CAMPO GRANDE;CTE-2529;FRETE DE COLETA;255.0;-255; -  DOCUMENTO ELETRÔNICO REFERENCIADO;G&S TRANSPORTE LOGISTICA E LOCACAO DE MAQUINAS E EQUIPAMENTO;2529-3/57;2026-03-31;NAO PAGO;SAGI;Saídas (Aplicações)
6477;G3S CAMPO GRANDE;CTE-2531;FRETE DE COLETA;187.0;-187; -  DOCUMENTO ELETRÔNICO REFERENCIADO;G&S TRANSPORTE LOGISTICA E LOCACAO DE MAQUINAS E EQUIPAMENTO;2531-3/57;2026-03-31;NAO PAGO;SAGI;Saídas (Aplicações)
6478;G3S CAMPO GRANDE;CTE-2532;FRETE DE COLETA;4080.0;-4080; -  DOCUMENTO ELETRÔNICO REFERENCIADO;G&S TRANSPORTE LOGISTICA E LOCACAO DE MAQUINAS E EQUIPAMENTO;2532-3/57;2026-03-31;NAO PAGO;SAGI;Saídas (Aplicações)
6270;G3S CAMPO GRANDE;CTE-2533;FRETE DE COLETA;238.0;-238; -  DOCUMENTO ELETRÔNICO REFERENCIADO;G&S TRANSPORTE LOGISTICA E LOCACAO DE MAQUINAS E EQUIPAMENTO;2533-3/57;2026-03-31;NAO PAGO;SAGI;Saídas (Aplicações)
6480;G3S CAMPO GRANDE;CTE-2534;FRETE DE COLETA;1122.0;-1122; -  DOCUMENTO ELETRÔNICO REFERENCIADO;G&S TRANSPORTE LOGISTICA E LOCACAO DE MAQUINAS E EQUIPAMENTO;2534-3/57;2026-03-31;NAO PAGO;SAGI;Saídas (Aplicações)
6481;G3S CAMPO GRANDE;CTE-2536;FRETE DE COLETA;2635.0;-2635; -  DOCUMENTO ELETRÔNICO REFERENCIADO;G&S TRANSPORTE LOGISTICA E LOCACAO DE MAQUINAS E EQUIPAMENTO;2536-3/57;2026-03-31;NAO PAGO;SAGI;Saídas (Aplicações)
6482;G3S CAMPO GRANDE;CTE-2537;FRETE DE COLETA;289.0;-289; -  DOCUMENTO ELETRÔNICO REFERENCIADO;G&S TRANSPORTE LOGISTICA E LOCACAO DE MAQUINAS E EQUIPAMENTO;2537-3/57;2026-03-31;NAO PAGO;SAGI;Saídas (Aplicações)
6272;G3S CAMPO GRANDE;CTE-2538;FRETE DE COLETA;170.0;-170; -  DOCUMENTO ELETRÔNICO REFERENCIADO;G&S TRANSPORTE LOGISTICA E LOCACAO DE MAQUINAS E EQUIPAMENTO;2538-3/57;2026-03-31;NAO PAGO;SAGI;Saídas (Aplicações)
6271;G3S CAMPO GRANDE;CTE-2539;FRETE DE COLETA;340.0;-340; -  DOCUMENTO ELETRÔNICO REFERENCIADO;G&S TRANSPORTE LOGISTICA E LOCACAO DE MAQUINAS E EQUIPAMENTO;2539-3/57;2026-03-31;NAO PAGO;SAGI;Saídas (Aplicações)
6479;G3S CAMPO GRANDE;CTE-2540;FRETE DE COLETA;1037.0;-1037; -  DOCUMENTO ELETRÔNICO REFERENCIADO;G&S TRANSPORTE LOGISTICA E LOCACAO DE MAQUINAS E EQUIPAMENTO;2540-3/57;2026-03-31;NAO PAGO;SAGI;Saídas (Aplicações)
6261;G3S CAMPO GRANDE;CTE-2541;FRETE DE COLETA;17.0;-17; -  DOCUMENTO ELETRÔNICO REFERENCIADO;G&S TRANSPORTE LOGISTICA E LOCACAO DE MAQUINAS E EQUIPAMENTO;2541-3/57;2026-03-31;NAO PAGO;SAGI;Saídas (Aplicações)
6269;G3S CAMPO GRANDE;CTE-2542;FRETE DE COLETA;459.0;-459; -  DOCUMENTO ELETRÔNICO REFERENCIADO;G&S TRANSPORTE LOGISTICA E LOCACAO DE MAQUINAS E EQUIPAMENTO;2542-3/57;2026-03-31;NAO PAGO;SAGI;Saídas (Aplicações)
6268;G3S CAMPO GRANDE;CTE-2543;FRETE DE COLETA;374.0;-374; -  DOCUMENTO ELETRÔNICO REFERENCIADO;G&S TRANSPORTE LOGISTICA E LOCACAO DE MAQUINAS E EQUIPAMENTO;2543-3/57;2026-03-31;NAO PAGO;SAGI;Saídas (Aplicações)
6476;G3S CAMPO GRANDE;CTE-2544;FRETE DE COLETA;476.0;-476; -  DOCUMENTO ELETRÔNICO REFERENCIADO;G&S TRANSPORTE LOGISTICA E LOCACAO DE MAQUINAS E EQUIPAMENTO;2544-3/57;2026-03-31;NAO PAGO;SAGI;Saídas (Aplicações)
6475;G3S CAMPO GRANDE;CTE-2545;FRETE DE COLETA;289.0;-289; -  DOCUMENTO ELETRÔNICO REFERENCIADO;G&S TRANSPORTE LOGISTICA E LOCACAO DE MAQUINAS E EQUIPAMENTO;2545-3/57;2026-03-31;NAO PAGO;SAGI;Saídas (Aplicações)
6474;G3S CAMPO GRANDE;CTE-2546;FRETE DE COLETA;1037.0;-1037; -  DOCUMENTO ELETRÔNICO REFERENCIADO;G&S TRANSPORTE LOGISTICA E LOCACAO DE MAQUINAS E EQUIPAMENTO;2546-3/57;2026-03-31;NAO PAGO;SAGI;Saídas (Aplicações)
6473;G3S CAMPO GRANDE;CTE-2547;FRETE DE COLETA;13617.0;-13617; -  DOCUMENTO ELETRÔNICO REFERENCIADO;G&S TRANSPORTE LOGISTICA E LOCACAO DE MAQUINAS E EQUIPAMENTO;2547-3/57;2026-03-31;NAO PAGO;SAGI;Saídas (Aplicações)
6260;G3S CAMPO GRANDE;CTE-2548;FRETE DE COLETA;680.0;-680; -  DOCUMENTO ELETRÔNICO REFERENCIADO;G&S TRANSPORTE LOGISTICA E LOCACAO DE MAQUINAS E EQUIPAMENTO;2548-3/57;2026-03-31;NAO PAGO;SAGI;Saídas (Aplicações)
6459;G3S MARINGA;CTE-5312;FRETE DE COLETA;1717.0;-1717; -  DOCUMENTO ELETRÔNICO REFERENCIADO;G&S TRANSPORTE LOGISTICA E LOCACAO DE MAQUINAS E EQUIPAMENTO;5312-2/57;2026-03-31;NAO PAGO;SAGI;Saídas (Aplicações)
7993;G3S MARINGA;CTE-5313;FRETE DE COLETA;1751.0;-1751; -  DOCUMENTO ELETRÔNICO REFERENCIADO;G&S TRANSPORTE LOGISTICA E LOCACAO DE MAQUINAS E EQUIPAMENTO;5313-2/57;2026-03-31;NAO PAGO;SAGI;Saídas (Aplicações)
8291;G3S LONDRINA;CTE-5314;FRETE DE COLETA;408.0;-408; -  DOCUMENTO ELETRÔNICO REFERENCIADO;G&S TRANSPORTE LOGISTICA E LOCACAO DE MAQUINAS E EQUIPAMENTO;5314-2/57;2026-03-31;NAO PAGO;SAGI;Saídas (Aplicações)
8292;G3S LONDRINA;CTE-5315;FRETE DE COLETA;680.0;-680; -  DOCUMENTO ELETRÔNICO REFERENCIADO;G&S TRANSPORTE LOGISTICA E LOCACAO DE MAQUINAS E EQUIPAMENTO;5315-2/57;2026-03-31;NAO PAGO;SAGI;Saídas (Aplicações)
8293;G3S LONDRINA;CTE-5316;FRETE DE COLETA;391.0;-391; -  DOCUMENTO ELETRÔNICO REFERENCIADO;G&S TRANSPORTE LOGISTICA E LOCACAO DE MAQUINAS E EQUIPAMENTO;5316-2/57;2026-03-31;NAO PAGO;SAGI;Saídas (Aplicações)
6701;G3S LONDRINA;CTE-5317;FRETE DE COLETA;799.0;-799; -  DOCUMENTO ELETRÔNICO REFERENCIADO;G&S TRANSPORTE LOGISTICA E LOCACAO DE MAQUINAS E EQUIPAMENTO;5317-2/57;2026-03-31;NAO PAGO;SAGI;Saídas (Aplicações)
8294;G3S LONDRINA;CTE-5318;FRETE DE COLETA;2516.0;-2516; -  DOCUMENTO ELETRÔNICO REFERENCIADO;G&S TRANSPORTE LOGISTICA E LOCACAO DE MAQUINAS E EQUIPAMENTO;5318-2/57;2026-03-31;NAO PAGO;SAGI;Saídas (Aplicações)
8295;G3S LONDRINA;CTE-5319;FRETE DE COLETA;408.0;-408; -  DOCUMENTO ELETRÔNICO REFERENCIADO;G&S TRANSPORTE LOGISTICA E LOCACAO DE MAQUINAS E EQUIPAMENTO;5319-2/57;2026-03-31;NAO PAGO;SAGI;Saídas (Aplicações)
8296;G3S LONDRINA;CTE-5320;FRETE DE COLETA;697.0;-697; -  DOCUMENTO ELETRÔNICO REFERENCIADO;G&S TRANSPORTE LOGISTICA E LOCACAO DE MAQUINAS E EQUIPAMENTO;5320-2/57;2026-03-31;NAO PAGO;SAGI;Saídas (Aplicações)
8297;G3S LONDRINA;CTE-5321;FRETE DE COLETA;2363.0;-2363; -  DOCUMENTO ELETRÔNICO REFERENCIADO;G&S TRANSPORTE LOGISTICA E LOCACAO DE MAQUINAS E EQUIPAMENTO;5321-2/57;2026-03-31;NAO PAGO;SAGI;Saídas (Aplicações)
8298;G3S LONDRINA;CTE-5322;FRETE DE COLETA;272.0;-272; -  DOCUMENTO ELETRÔNICO REFERENCIADO;G&S TRANSPORTE LOGISTICA E LOCACAO DE MAQUINAS E EQUIPAMENTO;5322-2/57;2026-03-31;NAO PAGO;SAGI;Saídas (Aplicações)
7998;G3S MARINGA;CTE-5323;FRETE DE COLETA;782.0;-782; -  DOCUMENTO ELETRÔNICO REFERENCIADO;G&S TRANSPORTE LOGISTICA E LOCACAO DE MAQUINAS E EQUIPAMENTO;5323-2/57;2026-03-31;NAO PAGO;SAGI;Saídas (Aplicações)
7997;G3S MARINGA;CTE-5324;FRETE DE COLETA;1802.0;-1802; -  DOCUMENTO ELETRÔNICO REFERENCIADO;G&S TRANSPORTE LOGISTICA E LOCACAO DE MAQUINAS E EQUIPAMENTO;5324-2/57;2026-03-31;NAO PAGO;SAGI;Saídas (Aplicações)
7996;G3S MARINGA;CTE-5325;FRETE DE COLETA;748.0;-748; -  DOCUMENTO ELETRÔNICO REFERENCIADO;G&S TRANSPORTE LOGISTICA E LOCACAO DE MAQUINAS E EQUIPAMENTO;5325-2/57;2026-03-31;NAO PAGO;SAGI;Saídas (Aplicações)
7995;G3S MARINGA;CTE-5327;FRETE DE COLETA;231.2;-231.2; -  DOCUMENTO ELETRÔNICO REFERENCIADO;G&S TRANSPORTE LOGISTICA E LOCACAO DE MAQUINAS E EQUIPAMENTO;5327-2/57;2026-03-31;NAO PAGO;SAGI;Saídas (Aplicações)
7994;G3S MARINGA;CTE-5328;FRETE DE COLETA;510.0;-510; -  DOCUMENTO ELETRÔNICO REFERENCIADO;G&S TRANSPORTE LOGISTICA E LOCACAO DE MAQUINAS E EQUIPAMENTO;5328-2/57;2026-03-31;NAO PAGO;SAGI;Saídas (Aplicações)
8275;G3S PRUDENTE;CTE-906;TRANSPORTE DE SUCATA;600.0;-600; CTE 906 -  DOCUMENTO ELETRÔNICO REFERENCIADO;GSL LOGISTICA E TRANSPORTE LTDA;906-1/57;2026-03-31;NAO PAGO;SAGI;Saídas (Aplicações)
006352;G3S PRUDENTE;CTE-1029;TRANSPORTE DE SUCATA;13472.0;-13472; CTE 1029 -  DOCUMENTO ELETRÔNICO REFERENCIADO;GSL LOGISTICA E TRANSPORTE LTDA;1029-1/57;2026-05-01;2026-05-15 00:00:00;SAGI;Saídas (Aplicações)
006347;G3S PRUDENTE;CTE-1030;TRANSPORTE DE SUCATA;13472.0;-13472; -  DOCUMENTO ELETRÔNICO REFERENCIADO;GSL LOGISTICA E TRANSPORTE LTDA;1030-1/57;2026-05-01;2026-05-15 00:00:00;SAGI;Saídas (Aplicações)
002985;G3S PRUDENTE;CTE-1031;TRANSPORTE DE SUCATA;13472.0;-13472; -  DOCUMENTO ELETRÔNICO REFERENCIADO;GSL LOGISTICA E TRANSPORTE LTDA;1031-1/57;2026-05-01;2026-05-13 00:00:00;SAGI;Saídas (Aplicações)
006148;G3S PRUDENTE;CTE-13483;FRETE DE TERCEIROS;714.0;-714; CTE 13483 -  DOCUMENTO ELETRÔNICO REFERENCIADO;G&S TRANSPORTE LOGISTICA E LOCACAO DE MAQUINAS E EQUIPAMENTO;13483-1/57;2026-05-01;2026-05-25 00:00:00;SAGI;Saídas (Aplicações)
006147;G3S PRUDENTE;CTE-13494;FRETE DE TERCEIROS;680.0;-680; CTE 13494 -  DOCUMENTO ELETRÔNICO REFERENCIADO;G&S TRANSPORTE LOGISTICA E LOCACAO DE MAQUINAS E EQUIPAMENTO;13494-1/57;2026-05-01;2026-05-25 00:00:00;SAGI;Saídas (Aplicações)
006150;G3S PRUDENTE;CTE-13505;FRETE DE TERCEIROS;2686.0;-2686; CTE 13505  -  DOCUMENTO ELETRÔNICO REFERENCIADO;G&S TRANSPORTE LOGISTICA E LOCACAO DE MAQUINAS E EQUIPAMENTO;13505-1/57;2026-05-01;2026-05-25 00:00:00;SAGI;Saídas (Aplicações)
006335;G3S LONDRINA;CTE-5320;FRETE DE TERCEIROS;697.0;-697; CTE 5320 -  DOCUMENTO ELETRÔNICO REFERENCIADO;G&S TRANSPORTE LOGISTICA E LOCACAO DE MAQUINAS E EQUIPAMENTO;5320-2/57;2026-05-01;2026-06-08 00:00:00;SAGI;Saídas (Aplicações)
002989;G3S PRUDENTE;CTE-1032;TRANSPORTE DE SUCATA;18170.0;-18170; CTE 1032 -  DOCUMENTO ELETRÔNICO REFERENCIADO;GSL LOGISTICA E TRANSPORTE LTDA;1032-1/57;2026-05-04;2026-05-13 00:00:00;SAGI;Saídas (Aplicações)
002992;G3S PRUDENTE;CTE-1033;TRANSPORTE DE SUCATA;12999.6;-12999.6; CTE 1033 -  DOCUMENTO ELETRÔNICO REFERENCIADO;GSL LOGISTICA E TRANSPORTE LTDA;1033-1/57;2026-05-04;2026-05-13 00:00:00;SAGI;Saídas (Aplicações)
002993;G3S PRUDENTE;CTE-1034;TRANSPORTE DE SUCATA;23239.2;-23239.2; CTE 1034 -  DOCUMENTO ELETRÔNICO REFERENCIADO;GSL LOGISTICA E TRANSPORTE LTDA;1034-1/57;2026-05-04;2026-05-13 00:00:00;SAGI;Saídas (Aplicações)
001833;G3S PRUDENTE;CTE-1035;TRANSPORTE DE SUCATA;21854.6;-21854.6; CTE 1035 -  DOCUMENTO ELETRÔNICO REFERENCIADO;GSL LOGISTICA E TRANSPORTE LTDA;1035-1/57;2026-05-04;2026-05-21 00:00:00;SAGI;Saídas (Aplicações)
002994;G3S PRUDENTE;CTE-1036;TRANSPORTE DE SUCATA;14287.6;-14287.6; CTE 1036 -  DOCUMENTO ELETRÔNICO REFERENCIADO;GSL LOGISTICA E TRANSPORTE LTDA;1036-1/57;2026-05-04;2026-05-13 00:00:00;SAGI;Saídas (Aplicações)
002991;G3S PRUDENTE;CTE-1037;TRANSPORTE DE SUCATA;22438.8;-22438.8; CTE 1037 -  DOCUMENTO ELETRÔNICO REFERENCIADO;GSL LOGISTICA E TRANSPORTE LTDA;1037-1/57;2026-05-04;2026-05-13 00:00:00;SAGI;Saídas (Aplicações)
006353;G3S PRUDENTE;CTE-1038;TRANSPORTE DE SUCATA;7843.2;-7843.2; CTE 1038 -  DOCUMENTO ELETRÔNICO REFERENCIADO;GSL LOGISTICA E TRANSPORTE LTDA;1038-1/57;2026-05-04;2026-05-15 00:00:00;SAGI;Saídas (Aplicações)
001832;G3S PRUDENTE;CTE-1039;TRANSPORTE DE SUCATA;18124.0;-18124; CTE 1039 -  DOCUMENTO ELETRÔNICO REFERENCIADO;GSL LOGISTICA E TRANSPORTE LTDA;1039-1/57;2026-05-04;2026-05-21 00:00:00;SAGI;Saídas (Aplicações)
002988;G3S PRUDENTE;CTE-1040;TRANSPORTE DE SUCATA;15115.6;-15115.6; CTE 1040 -  DOCUMENTO ELETRÔNICO REFERENCIADO;GSL LOGISTICA E TRANSPORTE LTDA;1040-1/57;2026-05-04;2026-05-13 00:00:00;SAGI;Saídas (Aplicações)
001757;G3S PRUDENTE;CTE-13558;FRETE DE TERCEIROS;850.0;-850; CTE 13558 -  DOCUMENTO ELETRÔNICO REFERENCIADO;G&S TRANSPORTE LOGISTICA E LOCACAO DE MAQUINAS E EQUIPAMENTO;13558-1/57;2026-05-04;2026-05-20 00:00:00;SAGI;Saídas (Aplicações)
003941;G3S CAMPO GRANDE;CTE-199;TRANSPORTE DE SUCATA;6970.0;-6970; -  DOCUMENTO ELETRÔNICO REFERENCIADO;GSL LOGISTICA E TRANSPORTE LTDA;199-3/57;2026-05-04;2026-05-14 00:00:00;SAGI;Saídas (Aplicações)
003939;G3S CAMPO GRANDE;CTE-200;TRANSPORTE DE SUCATA;12339.6;-12339.6; -  DOCUMENTO ELETRÔNICO REFERENCIADO;GSL LOGISTICA E TRANSPORTE LTDA;200-3/57;2026-05-04;2026-05-14 00:00:00;SAGI;Saídas (Aplicações)
003940;G3S CAMPO GRANDE;CTE-201;TRANSPORTE DE SUCATA;20017.2;-20017.2; -  DOCUMENTO ELETRÔNICO REFERENCIADO;GSL LOGISTICA E TRANSPORTE LTDA;201-3/57;2026-05-04;2026-05-14 00:00:00;SAGI;Saídas (Aplicações)
004549;G3S MARINGA;CTE-5383;TRANSPORTE DE SUCATA;850.0;-850; -  DOCUMENTO ELETRÔNICO REFERENCIADO;G&S TRANSPORTE LOGISTICA E LOCACAO DE MAQUINAS E EQUIPAMENTO;5383-2/57;2026-05-04;2026-05-25 00:00:00;SAGI;Saídas (Aplicações)
004149;G3S LONDRINA;CTE-1;FRETE DE TERCEIROS;850.0;-850; -  DOCUMENTO ELETRÔNICO REFERENCIADO;G&S TRANSPORTE LOGISTICA E LOCACAO DE MAQUINAS E EQUIPAMENTO;1-1/57;2026-05-05;2026-06-15 00:00:00;SAGI;Saídas (Aplicações)
002987;G3S PRUDENTE;CTE-1041;TRANSPORTE DE SUCATA;14034.6;-14034.6; CTE 1041 -  DOCUMENTO ELETRÔNICO REFERENCIADO;GSL LOGISTICA E TRANSPORTE LTDA;1041-1/57;2026-05-05;2026-05-13 00:00:00;SAGI;Saídas (Aplicações)
000423;G3S PRUDENTE;CTE-1042;TRANSPORTE DE SUCATA;20241.68;-20241.68; CTE 1042 -  DOCUMENTO ELETRÔNICO REFERENCIADO;GSL LOGISTICA E TRANSPORTE LTDA;1042-1/57;2026-05-05;2026-05-13 00:00:00;SAGI;Saídas (Aplicações)
005048;G3S PRUDENTE;CTE-1043;TRANSPORTE DE SUCATA;14260.0;-14260; CTE 1043 -  DOCUMENTO ELETRÔNICO REFERENCIADO;GSL LOGISTICA E TRANSPORTE LTDA;1043-1/57;2026-05-05;2026-06-17 00:00:00;SAGI;Saídas (Aplicações)
002986;G3S PRUDENTE;CTE-1044;TRANSPORTE DE SUCATA;15324.4;-15324.4; CTE 1044 -  DOCUMENTO ELETRÔNICO REFERENCIADO;GSL LOGISTICA E TRANSPORTE LTDA;1044-1/57;2026-05-05;2026-05-13 00:00:00;SAGI;Saídas (Aplicações)
003191;G3S PRUDENTE;CTE-1045;TRANSPORTE DE SUCATA;16507.41;-16507.41; CTE 1045 -  DOCUMENTO ELETRÔNICO REFERENCIADO;GSL LOGISTICA E TRANSPORTE LTDA;1045-1/57;2026-05-05;2026-05-12 00:00:00;SAGI;Saídas (Aplicações)
003190;G3S PRUDENTE;CTE-1046;TRANSPORTE DE SUCATA;12788.0;-12788; CTE 1046 -  DOCUMENTO ELETRÔNICO REFERENCIADO;GSL LOGISTICA E TRANSPORTE LTDA;1046-1/57;2026-05-05;2026-05-12 00:00:00;SAGI;Saídas (Aplicações)
003189;G3S PRUDENTE;CTE-1047;TRANSPORTE DE SUCATA;13964.57;-13964.57; CTE 1047 -  DOCUMENTO ELETRÔNICO REFERENCIADO;GSL LOGISTICA E TRANSPORTE LTDA;1047-1/57;2026-05-05;2026-05-12 00:00:00;SAGI;Saídas (Aplicações)
003188;G3S PRUDENTE;CTE-1048;TRANSPORTE DE SUCATA;20254.31;-20254.31; CTE 1048 -  DOCUMENTO ELETRÔNICO REFERENCIADO;GSL LOGISTICA E TRANSPORTE LTDA;1048-1/57;2026-05-05;2026-05-12 00:00:00;SAGI;Saídas (Aplicações)
001758;G3S PRUDENTE;CTE-13559;FRETE DE TERCEIROS;1708.5;-1708.5; CTE 13559 -  DOCUMENTO ELETRÔNICO REFERENCIADO;G&S TRANSPORTE LOGISTICA E LOCACAO DE MAQUINAS E EQUIPAMENTO;13559-1/57;2026-05-05;2026-05-20 00:00:00;SAGI;Saídas (Aplicações)
003942;G3S CAMPO GRANDE;CTE-202;TRANSPORTE DE SUCATA;13196.4;-13196.4; -  DOCUMENTO ELETRÔNICO REFERENCIADO;GSL LOGISTICA E TRANSPORTE LTDA;202-3/57;2026-05-05;2026-05-14 00:00:00;SAGI;Saídas (Aplicações)
001669;G3S DOURADOS;CTE-204;TRANSPORTE DE SUCATA;16186.8;-16186.8; SERVICO DE FRETE DE SUCATAS -  DOCUMENTO ELETRÔNICO REFERENCIADO;GSL LOGISTICA E TRANSPORTE LTDA;204-3/57;2026-05-05;2026-05-29 00:00:00;SAGI;Saídas (Aplicações)
001670;G3S DOURADOS;CTE-205;TRANSPORTE DE SUCATA;15960.0;-15960; SERVICO DE FRETE DE SUCATAS -  DOCUMENTO ELETRÔNICO REFERENCIADO;GSL LOGISTICA E TRANSPORTE LTDA;205-3/57;2026-05-05;2026-05-29 00:00:00;SAGI;Saídas (Aplicações)
001671;G3S DOURADOS;CTE-206;TRANSPORTE DE SUCATA;16237.2;-16237.2; SERVICO DE FRETE DE SUCATAS -  DOCUMENTO ELETRÔNICO REFERENCIADO;GSL LOGISTICA E TRANSPORTE LTDA;206-3/57;2026-05-05;2026-05-29 00:00:00;SAGI;Saídas (Aplicações)
006720;G3S MARINGA;CTE-310;TRANSPORTE DE SUCATA;13696.2;-13696.2; -  DOCUMENTO ELETRÔNICO REFERENCIADO;GSL LOGISTICA E TRANSPORTE LTDA;310-2/57;2026-05-05;2026-05-27 00:00:00;SAGI;Saídas (Aplicações)
003192;G3S MARINGA;CTE-311;TRANSPORTE DE SUCATA;12702.3;-12702.3; -  DOCUMENTO ELETRÔNICO REFERENCIADO;GSL LOGISTICA E TRANSPORTE LTDA;311-2/57;2026-05-05;2026-05-12 00:00:00;SAGI;Saídas (Aplicações)
003193;G3S MARINGA;CTE-312;TRANSPORTE DE SUCATA;13141.8;-13141.8; -  DOCUMENTO ELETRÔNICO REFERENCIADO;GSL LOGISTICA E TRANSPORTE LTDA;312-2/57;2026-05-05;2026-05-12 00:00:00;SAGI;Saídas (Aplicações)
003194;G3S MARINGA;CTE-313;TRANSPORTE DE SUCATA;13267.8;-13267.8; -  DOCUMENTO ELETRÔNICO REFERENCIADO;GSL LOGISTICA E TRANSPORTE LTDA;313-2/57;2026-05-05;2026-05-12 00:00:00;SAGI;Saídas (Aplicações)
003195;G3S MARINGA;CTE-314;TRANSPORTE DE SUCATA;13662.6;-13662.6; -  DOCUMENTO ELETRÔNICO REFERENCIADO;GSL LOGISTICA E TRANSPORTE LTDA;314-2/57;2026-05-05;2026-05-12 00:00:00;SAGI;Saídas (Aplicações)
003196;G3S MARINGA;CTE-315;TRANSPORTE DE SUCATA;13385.4;-13385.4; -  DOCUMENTO ELETRÔNICO REFERENCIADO;GSL LOGISTICA E TRANSPORTE LTDA;315-2/57;2026-05-05;2026-05-12 00:00:00;SAGI;Saídas (Aplicações)
001840;G3S LONDRINA;CTE-316;TRANSPORTE DE SUCATA;10155.6;-10155.6; -  DOCUMENTO ELETRÔNICO REFERENCIADO;GSL LOGISTICA E TRANSPORTE LTDA;316-2/57;2026-05-05;2026-06-10 00:00:00;SAGI;Saídas (Aplicações)
004550;G3S MARINGA;CTE-5384;TRANSPORTE DE SUCATA;850.0;-850; -  DOCUMENTO ELETRÔNICO REFERENCIADO;G&S TRANSPORTE LOGISTICA E LOCACAO DE MAQUINAS E EQUIPAMENTO;5384-2/57;2026-05-05;2026-05-25 00:00:00;SAGI;Saídas (Aplicações)
004551;G3S MARINGA;CTE-5385;TRANSPORTE DE SUCATA;850.0;-850; -  DOCUMENTO ELETRÔNICO REFERENCIADO;G&S TRANSPORTE LOGISTICA E LOCACAO DE MAQUINAS E EQUIPAMENTO;5385-2/57;2026-05-05;2026-05-25 00:00:00;SAGI;Saídas (Aplicações)
000466;G&S PRUDENTE;ADT-2607;FRETE DE TERCEIROS;4182.0;-4182; SERVICO DE FRETE DE SUCATAS -  DOCUMENTO ELETRÔNICO REFERENCIADO;G&S TRANSPORTE LOGISTICA E LOCACAO DE MAQUINAS E EQUIPAMENTO;;2026-05-06;2026-05-06 00:00:00;SAGI;Saídas (Aplicações)
004345;G3S PRUDENTE;CTE-1049;TRANSPORTE DE SUCATA;600.0;-600; CTE 1049 -  DOCUMENTO ELETRÔNICO REFERENCIADO;GSL LOGISTICA E TRANSPORTE LTDA;1049-1/57;2026-05-06;2026-06-16 00:00:00;SAGI;Saídas (Aplicações)
003187;G3S PRUDENTE;CTE-1050;TRANSPORTE DE SUCATA;22659.6;-22659.6; CTE 1050 -  DOCUMENTO ELETRÔNICO REFERENCIADO;GSL LOGISTICA E TRANSPORTE LTDA;1050-1/57;2026-05-06;2026-05-12 00:00:00;SAGI;Saídas (Aplicações)
001831;G3S PRUDENTE;CTE-1051;TRANSPORTE DE SUCATA;19807.6;-19807.6; CTE 1051 -  DOCUMENTO ELETRÔNICO REFERENCIADO;GSL LOGISTICA E TRANSPORTE LTDA;1051-1/57;2026-05-06;2026-05-21 00:00:00;SAGI;Saídas (Aplicações)
003186;G3S PRUDENTE;CTE-1052;TRANSPORTE DE SUCATA;9633.6;-9633.6; CTE 1052 -  DOCUMENTO ELETRÔNICO REFERENCIADO;GSL LOGISTICA E TRANSPORTE LTDA;1052-1/57;2026-05-06;2026-05-12 00:00:00;SAGI;Saídas (Aplicações)
001830;G3S PRUDENTE;CTE-1053;TRANSPORTE DE SUCATA;13800.0;-13800; CTE 1053 -  DOCUMENTO ELETRÔNICO REFERENCIADO;GSL LOGISTICA E TRANSPORTE LTDA;1053-1/57;2026-05-06;2026-05-21 00:00:00;SAGI;Saídas (Aplicações)
005959;G3S PRUDENTE;CTE-13560;FRETE DE TERCEIROS;1543.6;-1543.6; CTE 13560 -  DOCUMENTO ELETRÔNICO REFERENCIADO;G&S TRANSPORTE LOGISTICA E LOCACAO DE MAQUINAS E EQUIPAMENTO;13560-1/57;2026-05-06;2026-05-25 00:00:00;SAGI;Saídas (Aplicações)
002554;G3S DOURADOS;CTE-2608;FRETE DE TERCEIROS;4051.1;-4051.1; SERVICO DE FRETE DE SUCATAS -  DOCUMENTO ELETRÔNICO REFERENCIADO;G&S TRANSPORTE LOGISTICA E LOCACAO DE MAQUINAS E EQUIPAMENTO;2608-3/57;2026-05-06;2026-05-06 00:00:00;SAGI;Saídas (Aplicações)
006697;G3S DOURADOS;CTE-2609;FRETE DE TERCEIROS;850.0;-850; SERVICO DE FRETE DE SUCATAS -  DOCUMENTO ELETRÔNICO REFERENCIADO;G&S TRANSPORTE LOGISTICA E LOCACAO DE MAQUINAS E EQUIPAMENTO;2609-3/57;2026-05-06;2026-05-27 00:00:00;SAGI;Saídas (Aplicações)
001101;G3S CAMPO GRANDE;CTE-2611;FRETE DE TERCEIROS;850.0;-850; -  DOCUMENTO ELETRÔNICO REFERENCIADO;G&S TRANSPORTE LOGISTICA E LOCACAO DE MAQUINAS E EQUIPAMENTO;2611-3/57;2026-05-06;2026-06-10 00:00:00;SAGI;Saídas (Aplicações)
001102;G3S CAMPO GRANDE;CTE-2612;FRETE DE TERCEIROS;850.0;-850; -  DOCUMENTO ELETRÔNICO REFERENCIADO;G&S TRANSPORTE LOGISTICA E LOCACAO DE MAQUINAS E EQUIPAMENTO;2612-3/57;2026-05-06;2026-06-10 00:00:00;SAGI;Saídas (Aplicações)
006698;G3S DOURADOS;CTE-2613;FRETE DE TERCEIROS;2420.8;-2420.8; SERVICO DE FRETE DE SUCATAS -  DOCUMENTO ELETRÔNICO REFERENCIADO;G&S TRANSPORTE LOGISTICA E LOCACAO DE MAQUINAS E EQUIPAMENTO;2613-3/57;2026-05-06;2026-05-27 00:00:00;SAGI;Saídas (Aplicações)
001103;G3S CAMPO GRANDE;CTE-2614;FRETE DE TERCEIROS;850.0;-850; -  DOCUMENTO ELETRÔNICO REFERENCIADO;G&S TRANSPORTE LOGISTICA E LOCACAO DE MAQUINAS E EQUIPAMENTO;2614-3/57;2026-05-06;2026-06-10 00:00:00;SAGI;Saídas (Aplicações)
001105;G3S CAMPO GRANDE;CTE-2615;FRETE DE TERCEIROS;850.0;-850; -  DOCUMENTO ELETRÔNICO REFERENCIADO;G&S TRANSPORTE LOGISTICA E LOCACAO DE MAQUINAS E EQUIPAMENTO;2615-3/57;2026-05-06;2026-06-10 00:00:00;SAGI;Saídas (Aplicações)
006721;G3S MARINGA;CTE-317;TRANSPORTE DE SUCATA;19035.9;-19035.9; -  DOCUMENTO ELETRÔNICO REFERENCIADO;GSL LOGISTICA E TRANSPORTE LTDA;317-2/57;2026-05-06;2026-05-27 00:00:00;SAGI;Saídas (Aplicações)
003943;G3S CAMPO GRANDE;CTE-318;TRANSPORTE DE SUCATA;9343.8;-9343.8; -  DOCUMENTO ELETRÔNICO REFERENCIADO;GSL LOGISTICA E TRANSPORTE LTDA;318-2/57;2026-05-06;2026-05-14 00:00:00;SAGI;Saídas (Aplicações)
002247;G3S MARINGA;CTE-5386;TRANSPORTE DE SUCATA;850.0;-850; -  DOCUMENTO ELETRÔNICO REFERENCIADO;G&S TRANSPORTE LOGISTICA E LOCACAO DE MAQUINAS E EQUIPAMENTO;5386-2/57;2026-05-06;2026-06-12 00:00:00;SAGI;Saídas (Aplicações)
002248;G3S MARINGA;CTE-5387;FRETE DE TERCEIROS;1810.5;-1810.5; -  DOCUMENTO ELETRÔNICO REFERENCIADO;G&S TRANSPORTE LOGISTICA E LOCACAO DE MAQUINAS E EQUIPAMENTO;5387-2/57;2026-05-06;2026-06-12 00:00:00;SAGI;Saídas (Aplicações)
002254;G3S MARINGA;CTE-5388;FRETE DE TERCEIROS;1810.5;-1810.5; -  DOCUMENTO ELETRÔNICO REFERENCIADO;G&S TRANSPORTE LOGISTICA E LOCACAO DE MAQUINAS E EQUIPAMENTO;5388-2/57;2026-05-06;2026-06-12 00:00:00;SAGI;Saídas (Aplicações)
002252;G3S MARINGA;CTE-5389;FRETE DE TERCEIROS;850.0;-850; -  DOCUMENTO ELETRÔNICO REFERENCIADO;G&S TRANSPORTE LOGISTICA E LOCACAO DE MAQUINAS E EQUIPAMENTO;5389-2/57;2026-05-06;2026-06-12 00:00:00;SAGI;Saídas (Aplicações)
002253;G3S MARINGA;CTE-5390;FRETE DE TERCEIROS;4093.6;-4093.6; -  DOCUMENTO ELETRÔNICO REFERENCIADO;G&S TRANSPORTE LOGISTICA E LOCACAO DE MAQUINAS E EQUIPAMENTO;5390-2/57;2026-05-06;2026-06-12 00:00:00;SAGI;Saídas (Aplicações)
002249;G3S MARINGA;CTE-5391;FRETE DE TERCEIROS;850.0;-850; -  DOCUMENTO ELETRÔNICO REFERENCIADO;G&S TRANSPORTE LOGISTICA E LOCACAO DE MAQUINAS E EQUIPAMENTO;5391-2/57;2026-05-06;2026-06-12 00:00:00;SAGI;Saídas (Aplicações)
006324;G3S LONDRINA;CTE-5392;FRETE DE TERCEIROS;850.0;-850; -  DOCUMENTO ELETRÔNICO REFERENCIADO;G&S TRANSPORTE LOGISTICA E LOCACAO DE MAQUINAS E EQUIPAMENTO;5392-2/57;2026-05-06;2026-06-08 00:00:00;SAGI;Saídas (Aplicações)
006325;G3S LONDRINA;CTE-5393;FRETE DE TERCEIROS;850.0;-850; -  DOCUMENTO ELETRÔNICO REFERENCIADO;G&S TRANSPORTE LOGISTICA E LOCACAO DE MAQUINAS E EQUIPAMENTO;5393-2/57;2026-05-06;2026-06-08 00:00:00;SAGI;Saídas (Aplicações)
001829;G3S PRUDENTE;CTE-1054;TRANSPORTE DE SUCATA;13901.2;-13901.2; CTE 1054 -  DOCUMENTO ELETRÔNICO REFERENCIADO;GSL LOGISTICA E TRANSPORTE LTDA;1054-1/57;2026-05-07;2026-05-21 00:00:00;SAGI;Saídas (Aplicações)
001828;G3S PRUDENTE;CTE-1055;TRANSPORTE DE SUCATA;17903.2;-17903.2; CTE 1055 -  DOCUMENTO ELETRÔNICO REFERENCIADO;GSL LOGISTICA E TRANSPORTE LTDA;1055-1/57;2026-05-07;2026-05-21 00:00:00;SAGI;Saídas (Aplicações)
001827;G3S PRUDENTE;CTE-1056;TRANSPORTE DE SUCATA;22112.2;-22112.2; CTE 1056 -  DOCUMENTO ELETRÔNICO REFERENCIADO;GSL LOGISTICA E TRANSPORTE LTDA;1056-1/57;2026-05-07;2026-05-21 00:00:00;SAGI;Saídas (Aplicações)
003185;G3S PRUDENTE;CTE-1057;TRANSPORTE DE SUCATA;13442.53;-13442.53; CTE 1057 -  DOCUMENTO ELETRÔNICO REFERENCIADO;GSL LOGISTICA E TRANSPORTE LTDA;1057-1/57;2026-05-07;2026-05-12 00:00:00;SAGI;Saídas (Aplicações)
002472;G3S PRUDENTE;CTE-1058;TRANSPORTE DE SUCATA;18110.2;-18110.2; CTE 1058 -  DOCUMENTO ELETRÔNICO REFERENCIADO;GSL LOGISTICA E TRANSPORTE LTDA;1058-1/57;2026-05-07;2026-05-22 00:00:00;SAGI;Saídas (Aplicações)
002474;G3S PRUDENTE;CTE-1060;TRANSPORTE DE SUCATA;16560.0;-16560; CTE 1060 -  DOCUMENTO ELETRÔNICO REFERENCIADO;GSL LOGISTICA E TRANSPORTE LTDA;1060-1/57;2026-05-07;2026-05-22 00:00:00;SAGI;Saídas (Aplicações)
002473;G3S PRUDENTE;CTE-1061;TRANSPORTE DE SUCATA;13905.8;-13905.8; CTE 1061 -  DOCUMENTO ELETRÔNICO REFERENCIADO;GSL LOGISTICA E TRANSPORTE LTDA;1061-1/57;2026-05-07;2026-05-22 00:00:00;SAGI;Saídas (Aplicações)
002479;G3S PRUDENTE;CTE-1062;TRANSPORTE DE SUCATA;15860.8;-15860.8; CTE 1062 -  DOCUMENTO ELETRÔNICO REFERENCIADO;GSL LOGISTICA E TRANSPORTE LTDA;1062-1/57;2026-05-07;2026-05-22 00:00:00;SAGI;Saídas (Aplicações)
003184;G3S PRUDENTE;CTE-1063;TRANSPORTE DE SUCATA;13488.84;-13488.84; CTE 1063 -  DOCUMENTO ELETRÔNICO REFERENCIADO;GSL LOGISTICA E TRANSPORTE LTDA;1063-1/57;2026-05-07;2026-05-12 00:00:00;SAGI;Saídas (Aplicações)
005960;G3S PRUDENTE;CTE-13561;FRETE DE TERCEIROS;3746.8;-3746.8; CTE 13561 -  DOCUMENTO ELETRÔNICO REFERENCIADO;G&S TRANSPORTE LOGISTICA E LOCACAO DE MAQUINAS E EQUIPAMENTO;13561-1/57;2026-05-07;2026-05-25 00:00:00;SAGI;Saídas (Aplicações)
005962;G3S PRUDENTE;CTE-13562;FRETE DE TERCEIROS;3857.3;-3857.3; CTE 13562 -  DOCUMENTO ELETRÔNICO REFERENCIADO;G&S TRANSPORTE LOGISTICA E LOCACAO DE MAQUINAS E EQUIPAMENTO;13562-1/57;2026-05-07;2026-05-25 00:00:00;SAGI;Saídas (Aplicações)
005963;G3S PRUDENTE;CTE-13563;FRETE DE TERCEIROS;850.0;-850; CTE 13563 -  DOCUMENTO ELETRÔNICO REFERENCIADO;G&S TRANSPORTE LOGISTICA E LOCACAO DE MAQUINAS E EQUIPAMENTO;13563-1/57;2026-05-07;2026-05-25 00:00:00;SAGI;Saídas (Aplicações)
005965;G3S PRUDENTE;CTE-13564;FRETE DE TERCEIROS;850.0;-850; CTE 13564 -  DOCUMENTO ELETRÔNICO REFERENCIADO;G&S TRANSPORTE LOGISTICA E LOCACAO DE MAQUINAS E EQUIPAMENTO;13564-1/57;2026-05-07;2026-05-25 00:00:00;SAGI;Saídas (Aplicações)
005966;G3S PRUDENTE;CTE-13565;FRETE DE TERCEIROS;850.0;-850; CTE 13565 -  DOCUMENTO ELETRÔNICO REFERENCIADO;G&S TRANSPORTE LOGISTICA E LOCACAO DE MAQUINAS E EQUIPAMENTO;13565-1/57;2026-05-07;2026-05-25 00:00:00;SAGI;Saídas (Aplicações)
005968;G3S PRUDENTE;CTE-13566;FRETE DE TERCEIROS;1127.1;-1127.1; CTE 13566 -  DOCUMENTO ELETRÔNICO REFERENCIADO;G&S TRANSPORTE LOGISTICA E LOCACAO DE MAQUINAS E EQUIPAMENTO;13566-1/57;2026-05-07;2026-05-25 00:00:00;SAGI;Saídas (Aplicações)
005969;G3S PRUDENTE;CTE-13567;FRETE DE TERCEIROS;850.0;-850; CTE 13567 -  DOCUMENTO ELETRÔNICO REFERENCIADO;G&S TRANSPORTE LOGISTICA E LOCACAO DE MAQUINAS E EQUIPAMENTO;13567-1/57;2026-05-07;2026-05-25 00:00:00;SAGI;Saídas (Aplicações)
005971;G3S PRUDENTE;CTE-13568;FRETE DE TERCEIROS;3434.0;-3434; CTE 13568 -  DOCUMENTO ELETRÔNICO REFERENCIADO;G&S TRANSPORTE LOGISTICA E LOCACAO DE MAQUINAS E EQUIPAMENTO;13568-1/57;2026-05-07;2026-05-25 00:00:00;SAGI;Saídas (Aplicações)
005972;G3S PRUDENTE;CTE-13569;FRETE DE TERCEIROS;1088.0;-1088; CTE 13569 -  DOCUMENTO ELETRÔNICO REFERENCIADO;G&S TRANSPORTE LOGISTICA E LOCACAO DE MAQUINAS E EQUIPAMENTO;13569-1/57;2026-05-07;2026-05-25 00:00:00;SAGI;Saídas (Aplicações)
005973;G3S PRUDENTE;CTE-13570;FRETE DE TERCEIROS;1088.0;-1088; CRTE 13570 -  DOCUMENTO ELETRÔNICO REFERENCIADO;G&S TRANSPORTE LOGISTICA E LOCACAO DE MAQUINAS E EQUIPAMENTO;13570-1/57;2026-05-07;2026-05-25 00:00:00;SAGI;Saídas (Aplicações)
002203;G3S CAMPO GRANDE;CTE-207;TRANSPORTE DE SUCATA;13994.4;-13994.4; -  DOCUMENTO ELETRÔNICO REFERENCIADO;GSL LOGISTICA E TRANSPORTE LTDA;207-3/57;2026-05-07;2026-06-11 00:00:00;SAGI;Saídas (Aplicações)
000465;G3S DOURADOS;CTE-2607;FRETE DE TERCEIROS;4182.0;-4182; SERVICO DE FRETE DE SUCATAS -  DOCUMENTO ELETRÔNICO REFERENCIADO;G&S TRANSPORTE LOGISTICA E LOCACAO DE MAQUINAS E EQUIPAMENTO;2607-3/57;2026-05-07;2026-05-07 00:00:00;SAGI;Saídas (Aplicações)
001106;G3S CAMPO GRANDE;CTE-2610;FRETE DE TERCEIROS;850.0;-850; -  DOCUMENTO ELETRÔNICO REFERENCIADO;G&S TRANSPORTE LOGISTICA E LOCACAO DE MAQUINAS E EQUIPAMENTO;2610-3/57;2026-05-07;2026-06-10 00:00:00;SAGI;Saídas (Aplicações)
006700;G3S DOURADOS;CTE-2616;FRETE DE TERCEIROS;7838.7;-7838.7; SERVICO DE FRETE DE SUCATAS -  DOCUMENTO ELETRÔNICO REFERENCIADO;G&S TRANSPORTE LOGISTICA E LOCACAO DE MAQUINAS E EQUIPAMENTO;2616-3/57;2026-05-07;2026-05-27 00:00:00;SAGI;Saídas (Aplicações)
001107;G3S CAMPO GRANDE;CTE-2617;FRETE DE TERCEIROS;850.0;-850; -  DOCUMENTO ELETRÔNICO REFERENCIADO;G&S TRANSPORTE LOGISTICA E LOCACAO DE MAQUINAS E EQUIPAMENTO;2617-3/57;2026-05-07;2026-06-10 00:00:00;SAGI;Saídas (Aplicações)
001109;G3S CAMPO GRANDE;CTE-2619;FRETE DE TERCEIROS;3867.5;-3867.5; -  DOCUMENTO ELETRÔNICO REFERENCIADO;G&S TRANSPORTE LOGISTICA E LOCACAO DE MAQUINAS E EQUIPAMENTO;2619-3/57;2026-05-07;2026-06-10 00:00:00;SAGI;Saídas (Aplicações)
001110;G3S CAMPO GRANDE;CTE-2620;FRETE DE TERCEIROS;1912.5;-1912.5; -  DOCUMENTO ELETRÔNICO REFERENCIADO;G&S TRANSPORTE LOGISTICA E LOCACAO DE MAQUINAS E EQUIPAMENTO;2620-3/57;2026-05-07;2026-06-10 00:00:00;SAGI;Saídas (Aplicações)
006701;G3S DOURADOS;CTE-2621;FRETE DE TERCEIROS;4193.9;-4193.9; SERVICO DE FRETE DE SUCATAS -  DOCUMENTO ELETRÔNICO REFERENCIADO;G&S TRANSPORTE LOGISTICA E LOCACAO DE MAQUINAS E EQUIPAMENTO;2621-3/57;2026-05-07;2026-05-27 00:00:00;SAGI;Saídas (Aplicações)
004458;G3S CAMPO GRANDE;CTE-319;TRANSPORTE DE SUCATA;9764.3;-9764.3; -  DOCUMENTO ELETRÔNICO REFERENCIADO;GSL LOGISTICA E TRANSPORTE LTDA;319-2/57;2026-05-07;2026-06-15 00:00:00;SAGI;Saídas (Aplicações)
004459;G3S CAMPO GRANDE;CTE-320;TRANSPORTE DE SUCATA;9462.7;-9462.7; -  DOCUMENTO ELETRÔNICO REFERENCIADO;GSL LOGISTICA E TRANSPORTE LTDA;320-2/57;2026-05-07;2026-06-15 00:00:00;SAGI;Saídas (Aplicações)
002250;G3S MARINGA;CTE-5394;FRETE DE TERCEIROS;850.0;-850; -  DOCUMENTO ELETRÔNICO REFERENCIADO;G&S TRANSPORTE LOGISTICA E LOCACAO DE MAQUINAS E EQUIPAMENTO;5394-2/57;2026-05-07;2026-06-12 00:00:00;SAGI;Saídas (Aplicações)
002251;G3S MARINGA;CTE-5395;FRETE DE TERCEIROS;850.0;-850; -  DOCUMENTO ELETRÔNICO REFERENCIADO;G&S TRANSPORTE LOGISTICA E LOCACAO DE MAQUINAS E EQUIPAMENTO;5395-2/57;2026-05-07;2026-06-12 00:00:00;SAGI;Saídas (Aplicações)
002879;G3S MARINGA;CTE-5396;FRETE DE TERCEIROS;850.0;-850; -  DOCUMENTO ELETRÔNICO REFERENCIADO;G&S TRANSPORTE LOGISTICA E LOCACAO DE MAQUINAS E EQUIPAMENTO;5396-2/57;2026-05-07;2026-06-15 00:00:00;SAGI;Saídas (Aplicações)
002471;G3S PRUDENTE;CTE-1059;TRANSPORTE DE SUCATA;17581.2;-17581.2; CTE 1059 -  DOCUMENTO ELETRÔNICO REFERENCIADO;GSL LOGISTICA E TRANSPORTE LTDA;1059-1/57;2026-05-08;2026-05-22 00:00:00;SAGI;Saídas (Aplicações)
002475;G3S PRUDENTE;CTE-1065;TRANSPORTE DE SUCATA;13800.0;-13800; CTE 1065 -  DOCUMENTO ELETRÔNICO REFERENCIADO;GSL LOGISTICA E TRANSPORTE LTDA;1065-1/57;2026-05-08;2026-05-22 00:00:00;SAGI;Saídas (Aplicações)
002476;G3S PRUDENTE;CTE-1067;TRANSPORTE DE SUCATA;15621.6;-15621.6; CTE 1067 -  DOCUMENTO ELETRÔNICO REFERENCIADO;GSL LOGISTICA E TRANSPORTE LTDA;1067-1/57;2026-05-08;2026-05-22 00:00:00;SAGI;Saídas (Aplicações)
002477;G3S PRUDENTE;CTE-1068;TRANSPORTE DE SUCATA;13800.0;-13800; CTE 1068 -  DOCUMENTO ELETRÔNICO REFERENCIADO;GSL LOGISTICA E TRANSPORTE LTDA;1068-1/57;2026-05-08;2026-05-22 00:00:00;SAGI;Saídas (Aplicações)
002478;G3S PRUDENTE;CTE-1069;TRANSPORTE DE SUCATA;13055.21;-13055.21; CTE 1069 -  DOCUMENTO ELETRÔNICO REFERENCIADO;GSL LOGISTICA E TRANSPORTE LTDA;1069-1/57;2026-05-08;2026-05-22 00:00:00;SAGI;Saídas (Aplicações)
002480;G3S PRUDENTE;CTE-1070;TRANSPORTE DE SUCATA;12880.0;-12880; CTE 1070 -  DOCUMENTO ELETRÔNICO REFERENCIADO;GSL LOGISTICA E TRANSPORTE LTDA;1070-1/57;2026-05-08;2026-05-22 00:00:00;SAGI;Saídas (Aplicações)
002481;G3S PRUDENTE;CTE-1071;TRANSPORTE DE SUCATA;21776.4;-21776.4; CTE 1071 -  DOCUMENTO ELETRÔNICO REFERENCIADO;GSL LOGISTICA E TRANSPORTE LTDA;1071-1/57;2026-05-08;2026-05-22 00:00:00;SAGI;Saídas (Aplicações)
005974;G3S PRUDENTE;CTE-13571;FRETE DE TERCEIROS;850.0;-850; CTE 13571 -  DOCUMENTO ELETRÔNICO REFERENCIADO;G&S TRANSPORTE LOGISTICA E LOCACAO DE MAQUINAS E EQUIPAMENTO;13571-1/57;2026-05-08;2026-05-25 00:00:00;SAGI;Saídas (Aplicações)
005975;G3S PRUDENTE;CTE-13572;FRETE DE TERCEIROS;3857.3;-3857.3; CTE 13572 -  DOCUMENTO ELETRÔNICO REFERENCIADO;G&S TRANSPORTE LOGISTICA E LOCACAO DE MAQUINAS E EQUIPAMENTO;13572-1/57;2026-05-08;2026-05-25 00:00:00;SAGI;Saídas (Aplicações)
005976;G3S PRUDENTE;CTE-13573;FRETE DE TERCEIROS;2436.8;-2436.8; CTE 13573 -  DOCUMENTO ELETRÔNICO REFERENCIADO;G&S TRANSPORTE LOGISTICA E LOCACAO DE MAQUINAS E EQUIPAMENTO;13573-1/57;2026-05-08;2026-05-25 00:00:00;SAGI;Saídas (Aplicações)
006151;G3S PRUDENTE;CTE-13574;FRETE DE TERCEIROS;850.0;-850; CTE 13574 -  DOCUMENTO ELETRÔNICO REFERENCIADO;G&S TRANSPORTE LOGISTICA E LOCACAO DE MAQUINAS E EQUIPAMENTO;13574-1/57;2026-05-08;2026-05-25 00:00:00;SAGI;Saídas (Aplicações)
006152;G3S PRUDENTE;CTE-13575;FRETE DE TERCEIROS;2438.5;-2438.5; CTE 13575 -  DOCUMENTO ELETRÔNICO REFERENCIADO;G&S TRANSPORTE LOGISTICA E LOCACAO DE MAQUINAS E EQUIPAMENTO;13575-1/57;2026-05-08;2026-05-25 00:00:00;SAGI;Saídas (Aplicações)
002207;G3S CAMPO GRANDE;CTE-208;TRANSPORTE DE SUCATA;11352.6;-11352.6; -  DOCUMENTO ELETRÔNICO REFERENCIADO;GSL LOGISTICA E TRANSPORTE LTDA;208-3/57;2026-05-08;2026-06-11 00:00:00;SAGI;Saídas (Aplicações)
002206;G3S CAMPO GRANDE;CTE-209;TRANSPORTE DE SUCATA;13507.2;-13507.2; -  DOCUMENTO ELETRÔNICO REFERENCIADO;GSL LOGISTICA E TRANSPORTE LTDA;209-3/57;2026-05-08;2026-06-11 00:00:00;SAGI;Saídas (Aplicações)
002205;G3S CAMPO GRANDE;CTE-210;TRANSPORTE DE SUCATA;13608.0;-13608; -  DOCUMENTO ELETRÔNICO REFERENCIADO;GSL LOGISTICA E TRANSPORTE LTDA;210-3/57;2026-05-08;2026-06-11 00:00:00;SAGI;Saídas (Aplicações)
002204;G3S CAMPO GRANDE;CTE-211;TRANSPORTE DE SUCATA;13860.0;-13860; -  DOCUMENTO ELETRÔNICO REFERENCIADO;GSL LOGISTICA E TRANSPORTE LTDA;211-3/57;2026-05-08;2026-06-11 00:00:00;SAGI;Saídas (Aplicações)
004189;G3S CAMPO GRANDE;CTE-212;TRANSPORTE DE SUCATA;11407.2;-11407.2; -  DOCUMENTO ELETRÔNICO REFERENCIADO;GSL LOGISTICA E TRANSPORTE LTDA;212-3/57;2026-05-08;2026-06-12 00:00:00;SAGI;Saídas (Aplicações)
001472;G3S CAMPO GRANDE;CTE-2622;FRETE DE TERCEIROS;850.0;-850; -  DOCUMENTO ELETRÔNICO REFERENCIADO;G&S TRANSPORTE LOGISTICA E LOCACAO DE MAQUINAS E EQUIPAMENTO;2622-3/57;2026-05-08;2026-06-11 00:00:00;SAGI;Saídas (Aplicações)
006326;G3S LONDRINA;CTE-5397;FRETE DE TERCEIROS;850.0;-850; -  DOCUMENTO ELETRÔNICO REFERENCIADO;G&S TRANSPORTE LOGISTICA E LOCACAO DE MAQUINAS E EQUIPAMENTO;5397-2/57;2026-05-08;2026-06-08 00:00:00;SAGI;Saídas (Aplicações)
002880;G3S MARINGA;CTE-5398;FRETE DE TERCEIROS;850.0;-850; -  DOCUMENTO ELETRÔNICO REFERENCIADO;G&S TRANSPORTE LOGISTICA E LOCACAO DE MAQUINAS E EQUIPAMENTO;5398-2/57;2026-05-08;2026-06-15 00:00:00;SAGI;Saídas (Aplicações)
002881;G3S MARINGA;CTE-5399;FRETE DE TERCEIROS;1397.4;-1397.4; -  DOCUMENTO ELETRÔNICO REFERENCIADO;G&S TRANSPORTE LOGISTICA E LOCACAO DE MAQUINAS E EQUIPAMENTO;5399-2/57;2026-05-08;2026-06-15 00:00:00;SAGI;Saídas (Aplicações)
002882;G3S MARINGA;CTE-5400;FRETE DE TERCEIROS;850.0;-850; -  DOCUMENTO ELETRÔNICO REFERENCIADO;G&S TRANSPORTE LOGISTICA E LOCACAO DE MAQUINAS E EQUIPAMENTO;5400-2/57;2026-05-08;2026-06-15 00:00:00;SAGI;Saídas (Aplicações)
002482;G3S PRUDENTE;CTE-1073;TRANSPORTE DE SUCATA;22848.2;-22848.2; -  DOCUMENTO ELETRÔNICO REFERENCIADO;GSL LOGISTICA E TRANSPORTE LTDA;1073-1/57;2026-05-11;2026-05-22 00:00:00;SAGI;Saídas (Aplicações)
006707;G3S PRUDENTE;CTE-1074;TRANSPORTE DE SUCATA;12820.2;-12820.2; -  DOCUMENTO ELETRÔNICO REFERENCIADO;GSL LOGISTICA E TRANSPORTE LTDA;1074-1/57;2026-05-11;2026-05-28 00:00:00;SAGI;Saídas (Aplicações)
002483;G3S PRUDENTE;CTE-1075;TRANSPORTE DE SUCATA;17296.0;-17296; -  DOCUMENTO ELETRÔNICO REFERENCIADO;GSL LOGISTICA E TRANSPORTE LTDA;1075-1/57;2026-05-11;2026-05-22 00:00:00;SAGI;Saídas (Aplicações)
002484;G3S PRUDENTE;CTE-1076;TRANSPORTE DE SUCATA;14720.0;-14720; -  DOCUMENTO ELETRÔNICO REFERENCIADO;GSL LOGISTICA E TRANSPORTE LTDA;1076-1/57;2026-05-11;2026-05-22 00:00:00;SAGI;Saídas (Aplicações)
002485;G3S PRUDENTE;CTE-1077;TRANSPORTE DE SUCATA;12880.0;-12880; -  DOCUMENTO ELETRÔNICO REFERENCIADO;GSL LOGISTICA E TRANSPORTE LTDA;1077-1/57;2026-05-11;2026-05-22 00:00:00;SAGI;Saídas (Aplicações)
006686;G3S PRUDENTE;CTE-1078;TRANSPORTE DE SUCATA;22990.8;-22990.8; -  DOCUMENTO ELETRÔNICO REFERENCIADO;GSL LOGISTICA E TRANSPORTE LTDA;1078-1/57;2026-05-11;2026-05-27 00:00:00;SAGI;Saídas (Aplicações)
006708;G3S PRUDENTE;CTE-1079;TRANSPORTE DE SUCATA;17783.6;-17783.6; -  DOCUMENTO ELETRÔNICO REFERENCIADO;GSL LOGISTICA E TRANSPORTE LTDA;1079-1/57;2026-05-11;2026-05-28 00:00:00;SAGI;Saídas (Aplicações)
002486;G3S PRUDENTE;CTE-1080;TRANSPORTE DE SUCATA;14410.83;-14410.83; -  DOCUMENTO ELETRÔNICO REFERENCIADO;GSL LOGISTICA E TRANSPORTE LTDA;1080-1/57;2026-05-11;2026-05-22 00:00:00;SAGI;Saídas (Aplicações)
005980;G3S PRUDENTE;CTE-1081;TRANSPORTE DE SUCATA;11316.48;-11316.48; -  DOCUMENTO ELETRÔNICO REFERENCIADO;GSL LOGISTICA E TRANSPORTE LTDA;1081-1/57;2026-05-11;2026-05-25 00:00:00;SAGI;Saídas (Aplicações)
005981;G3S PRUDENTE;CTE-1082;TRANSPORTE DE SUCATA;13432.0;-13432; -  DOCUMENTO ELETRÔNICO REFERENCIADO;GSL LOGISTICA E TRANSPORTE LTDA;1082-1/57;2026-05-11;2026-05-25 00:00:00;SAGI;Saídas (Aplicações)
005982;G3S PRUDENTE;CTE-1083;TRANSPORTE DE SUCATA;7966.5;-7966.5; -  DOCUMENTO ELETRÔNICO REFERENCIADO;GSL LOGISTICA E TRANSPORTE LTDA;1083-1/57;2026-05-11;2026-05-25 00:00:00;SAGI;Saídas (Aplicações)
006153;G3S PRUDENTE;CTE-13576;FRETE DE TERCEIROS;850.0;-850; -  DOCUMENTO ELETRÔNICO REFERENCIADO;G&S TRANSPORTE LOGISTICA E LOCACAO DE MAQUINAS E EQUIPAMENTO;13576-1/57;2026-05-11;2026-05-25 00:00:00;SAGI;Saídas (Aplicações)
006154;G3S PRUDENTE;CTE-13577;FRETE DE TERCEIROS;850.0;-850; -  DOCUMENTO ELETRÔNICO REFERENCIADO;G&S TRANSPORTE LOGISTICA E LOCACAO DE MAQUINAS E EQUIPAMENTO;13577-1/57;2026-05-11;2026-05-25 00:00:00;SAGI;Saídas (Aplicações)
006155;G3S PRUDENTE;CTE-13579;FRETE DE TERCEIROS;3862.4;-3862.4; -  DOCUMENTO ELETRÔNICO REFERENCIADO;G&S TRANSPORTE LOGISTICA E LOCACAO DE MAQUINAS E EQUIPAMENTO;13579-1/57;2026-05-11;2026-05-25 00:00:00;SAGI;Saídas (Aplicações)
006156;G3S PRUDENTE;CTE-13580;FRETE DE TERCEIROS;3469.7;-3469.7; -  DOCUMENTO ELETRÔNICO REFERENCIADO;G&S TRANSPORTE LOGISTICA E LOCACAO DE MAQUINAS E EQUIPAMENTO;13580-1/57;2026-05-11;2026-05-25 00:00:00;SAGI;Saídas (Aplicações)
006157;G3S PRUDENTE;CTE-13581;FRETE DE TERCEIROS;850.0;-850; -  DOCUMENTO ELETRÔNICO REFERENCIADO;G&S TRANSPORTE LOGISTICA E LOCACAO DE MAQUINAS E EQUIPAMENTO;13581-1/57;2026-05-11;2026-05-25 00:00:00;SAGI;Saídas (Aplicações)
004190;G3S CAMPO GRANDE;CTE-213;TRANSPORTE DE SUCATA;14133.0;-14133; -  DOCUMENTO ELETRÔNICO REFERENCIADO;GSL LOGISTICA E TRANSPORTE LTDA;213-3/57;2026-05-11;2026-06-12 00:00:00;SAGI;Saídas (Aplicações)
001672;G3S DOURADOS;CTE-214;TRANSPORTE DE SUCATA;13633.2;-13633.2; SERVICO DE FRETE DE SUCATAS -  DOCUMENTO ELETRÔNICO REFERENCIADO;GSL LOGISTICA E TRANSPORTE LTDA;214-3/57;2026-05-11;2026-05-29 00:00:00;SAGI;Saídas (Aplicações)
000506;G3S DOURADOS;CTE-2624;FRETE DE TERCEIROS;850.0;-850; SERVICO DE FRETE DE SUCATAS -  DOCUMENTO ELETRÔNICO REFERENCIADO;G&S TRANSPORTE LOGISTICA E LOCACAO DE MAQUINAS E EQUIPAMENTO;2624-3/57;2026-05-11;;SAGI;Saídas (Aplicações)
001473;G3S CAMPO GRANDE;CTE-2625;FRETE DE TERCEIROS;850.0;-850; -  DOCUMENTO ELETRÔNICO REFERENCIADO;G&S TRANSPORTE LOGISTICA E LOCACAO DE MAQUINAS E EQUIPAMENTO;2625-3/57;2026-05-11;2026-06-11 00:00:00;SAGI;Saídas (Aplicações)
000220;G3S DOURADOS;CTE-2626;FRETE DE TERCEIROS;7524.2;-7524.2; SERVICO DE FRETE DE SUCATAS -  DOCUMENTO ELETRÔNICO REFERENCIADO;G&S TRANSPORTE LOGISTICA E LOCACAO DE MAQUINAS E EQUIPAMENTO;2626-3/57;2026-05-11;2026-06-09 00:00:00;SAGI;Saídas (Aplicações)
000221;G3S DOURADOS;CTE-2627;FRETE DE TERCEIROS;850.0;-850; SERVICO DE FRETE DE SUCATAS -  DOCUMENTO ELETRÔNICO REFERENCIADO;G&S TRANSPORTE LOGISTICA E LOCACAO DE MAQUINAS E EQUIPAMENTO;2627-3/57;2026-05-11;2026-06-09 00:00:00;SAGI;Saídas (Aplicações)
006722;G3S MARINGA;CTE-321;TRANSPORTE DE SUCATA;13482.3;-13482.3; -  DOCUMENTO ELETRÔNICO REFERENCIADO;GSL LOGISTICA E TRANSPORTE LTDA;321-2/57;2026-05-11;2026-05-27 00:00:00;SAGI;Saídas (Aplicações)
002884;G3S MARINGA;CTE-5401;FRETE DE TERCEIROS;850.0;-850; -  DOCUMENTO ELETRÔNICO REFERENCIADO;G&S TRANSPORTE LOGISTICA E LOCACAO DE MAQUINAS E EQUIPAMENTO;5401-2/57;2026-05-11;2026-06-15 00:00:00;SAGI;Saídas (Aplicações)
002885;G3S MARINGA;CTE-5402;FRETE DE TERCEIROS;850.0;-850; -  DOCUMENTO ELETRÔNICO REFERENCIADO;G&S TRANSPORTE LOGISTICA E LOCACAO DE MAQUINAS E EQUIPAMENTO;5402-2/57;2026-05-11;2026-06-15 00:00:00;SAGI;Saídas (Aplicações)
002886;G3S MARINGA;CTE-5403;FRETE DE TERCEIROS;850.0;-850; -  DOCUMENTO ELETRÔNICO REFERENCIADO;G&S TRANSPORTE LOGISTICA E LOCACAO DE MAQUINAS E EQUIPAMENTO;5403-2/57;2026-05-11;2026-06-15 00:00:00;SAGI;Saídas (Aplicações)
002876;G3S MARINGA;CTE-5404;FRETE DE TERCEIROS;850.0;-850; -  DOCUMENTO ELETRÔNICO REFERENCIADO;G&S TRANSPORTE LOGISTICA E LOCACAO DE MAQUINAS E EQUIPAMENTO;5404-2/57;2026-05-11;2026-06-15 00:00:00;SAGI;Saídas (Aplicações)
002877;G3S MARINGA;CTE-5405;FRETE DE TERCEIROS;850.0;-850; -  DOCUMENTO ELETRÔNICO REFERENCIADO;G&S TRANSPORTE LOGISTICA E LOCACAO DE MAQUINAS E EQUIPAMENTO;5405-2/57;2026-05-11;2026-06-15 00:00:00;SAGI;Saídas (Aplicações)
006709;G3S PRUDENTE;CTE-1084;TRANSPORTE DE SUCATA;15051.2;-15051.2; -  DOCUMENTO ELETRÔNICO REFERENCIADO;GSL LOGISTICA E TRANSPORTE LTDA;1084-1/57;2026-05-12;2026-05-28 00:00:00;SAGI;Saídas (Aplicações)
005983;G3S PRUDENTE;CTE-1085;TRANSPORTE DE SUCATA;15543.4;-15543.4; -  DOCUMENTO ELETRÔNICO REFERENCIADO;GSL LOGISTICA E TRANSPORTE LTDA;1085-1/57;2026-05-12;2026-05-25 00:00:00;SAGI;Saídas (Aplicações)
005984;G3S PRUDENTE;CTE-1086;TRANSPORTE DE SUCATA;16760.01;-16760.01; -  DOCUMENTO ELETRÔNICO REFERENCIADO;GSL LOGISTICA E TRANSPORTE LTDA;1086-1/57;2026-05-12;2026-05-25 00:00:00;SAGI;Saídas (Aplicações)
005985;G3S PRUDENTE;CTE-1087;TRANSPORTE DE SUCATA;23423.2;-23423.2; -  DOCUMENTO ELETRÔNICO REFERENCIADO;GSL LOGISTICA E TRANSPORTE LTDA;1087-1/57;2026-05-12;2026-05-25 00:00:00;SAGI;Saídas (Aplicações)
004191;G3S CAMPO GRANDE;CTE-215;TRANSPORTE DE SUCATA;13742.4;-13742.4; -  DOCUMENTO ELETRÔNICO REFERENCIADO;GSL LOGISTICA E TRANSPORTE LTDA;215-3/57;2026-05-12;2026-06-12 00:00:00;SAGI;Saídas (Aplicações)
004200;G3S CAMPO GRANDE;CTE-216;TRANSPORTE DE SUCATA;11751.6;-11751.6; -  DOCUMENTO ELETRÔNICO REFERENCIADO;GSL LOGISTICA E TRANSPORTE LTDA;216-3/57;2026-05-12;2026-06-12 00:00:00;SAGI;Saídas (Aplicações)
004201;G3S CAMPO GRANDE;CTE-217;TRANSPORTE DE SUCATA;13557.6;-13557.6; -  DOCUMENTO ELETRÔNICO REFERENCIADO;GSL LOGISTICA E TRANSPORTE LTDA;217-3/57;2026-05-12;2026-06-12 00:00:00;SAGI;Saídas (Aplicações)
004202;G3S CAMPO GRANDE;CTE-218;TRANSPORTE DE SUCATA;15892.8;-15892.8; -  DOCUMENTO ELETRÔNICO REFERENCIADO;GSL LOGISTICA E TRANSPORTE LTDA;218-3/57;2026-05-12;2026-06-12 00:00:00;SAGI;Saídas (Aplicações)
004203;G3S CAMPO GRANDE;CTE-219;TRANSPORTE DE SUCATA;10663.8;-10663.8; -  DOCUMENTO ELETRÔNICO REFERENCIADO;GSL LOGISTICA E TRANSPORTE LTDA;219-3/57;2026-05-12;2026-06-12 00:00:00;SAGI;Saídas (Aplicações)
000222;G3S DOURADOS;CTE-2628;FRETE DE TERCEIROS;1897.2;-1897.2; SERVICO DE FRETE DE SUCATAS -  DOCUMENTO ELETRÔNICO REFERENCIADO;G&S TRANSPORTE LOGISTICA E LOCACAO DE MAQUINAS E EQUIPAMENTO;2628-3/57;2026-05-12;2026-06-09 00:00:00;SAGI;Saídas (Aplicações)
000223;G3S DOURADOS;CTE-2629;FRETE DE TERCEIROS;4229.6;-4229.6; SERVICO DE FRETE DE SUCATAS -  DOCUMENTO ELETRÔNICO REFERENCIADO;G&S TRANSPORTE LOGISTICA E LOCACAO DE MAQUINAS E EQUIPAMENTO;2629-3/57;2026-05-12;2026-06-09 00:00:00;SAGI;Saídas (Aplicações)
006723;G3S MARINGA;CTE-322;TRANSPORTE DE SUCATA;9054.45;-9054.45; -  DOCUMENTO ELETRÔNICO REFERENCIADO;GSL LOGISTICA E TRANSPORTE LTDA;322-2/57;2026-05-12;2026-05-27 00:00:00;SAGI;Saídas (Aplicações)
006724;G3S MARINGA;CTE-323;TRANSPORTE DE SUCATA;9396.45;-9396.45; -  DOCUMENTO ELETRÔNICO REFERENCIADO;GSL LOGISTICA E TRANSPORTE LTDA;323-2/57;2026-05-12;2026-05-27 00:00:00;SAGI;Saídas (Aplicações)
002887;G3S MARINGA;CTE-5406;FRETE DE TERCEIROS;850.0;-850; -  DOCUMENTO ELETRÔNICO REFERENCIADO;G&S TRANSPORTE LOGISTICA E LOCACAO DE MAQUINAS E EQUIPAMENTO;5406-2/57;2026-05-12;2026-06-15 00:00:00;SAGI;Saídas (Aplicações)
002889;G3S MARINGA;CTE-5407;FRETE DE TERCEIROS;850.0;-850; -  DOCUMENTO ELETRÔNICO REFERENCIADO;G&S TRANSPORTE LOGISTICA E LOCACAO DE MAQUINAS E EQUIPAMENTO;5407-2/57;2026-05-12;2026-06-15 00:00:00;SAGI;Saídas (Aplicações)
005986;G3S PRUDENTE;CTE-1088;TRANSPORTE DE SUCATA;23069.0;-23069; -  DOCUMENTO ELETRÔNICO REFERENCIADO;GSL LOGISTICA E TRANSPORTE LTDA;1088-1/57;2026-05-13;2026-05-25 00:00:00;SAGI;Saídas (Aplicações)
005987;G3S PRUDENTE;CTE-1089;TRANSPORTE DE SUCATA;12364.77;-12364.77; CTE 1089 -  DOCUMENTO ELETRÔNICO REFERENCIADO;GSL LOGISTICA E TRANSPORTE LTDA;1089-1/57;2026-05-13;2026-05-25 00:00:00;SAGI;Saídas (Aplicações)
005988;G3S PRUDENTE;CTE-1090;TRANSPORTE DE SUCATA;22926.4;-22926.4; CTE 1090 -  DOCUMENTO ELETRÔNICO REFERENCIADO;GSL LOGISTICA E TRANSPORTE LTDA;1090-1/57;2026-05-13;2026-05-25 00:00:00;SAGI;Saídas (Aplicações)
006167;G3S PRUDENTE;CTE-13582;FRETE DE TERCEIROS;850.0;-850; CTE 13582 -  DOCUMENTO ELETRÔNICO REFERENCIADO;G&S TRANSPORTE LOGISTICA E LOCACAO DE MAQUINAS E EQUIPAMENTO;13582-1/57;2026-05-13;2026-05-25 00:00:00;SAGI;Saídas (Aplicações)
004204;G3S CAMPO GRANDE;CTE-220;TRANSPORTE DE SUCATA;14338.8;-14338.8; -  DOCUMENTO ELETRÔNICO REFERENCIADO;GSL LOGISTICA E TRANSPORTE LTDA;220-3/57;2026-05-13;2026-06-12 00:00:00;SAGI;Saídas (Aplicações)
004205;G3S CAMPO GRANDE;CTE-221;TRANSPORTE DE SUCATA;14028.0;-14028; -  DOCUMENTO ELETRÔNICO REFERENCIADO;GSL LOGISTICA E TRANSPORTE LTDA;221-3/57;2026-05-13;2026-06-12 00:00:00;SAGI;Saídas (Aplicações)
004460;G3S CAMPO GRANDE;CTE-222;TRANSPORTE DE SUCATA;13792.8;-13792.8; -  DOCUMENTO ELETRÔNICO REFERENCIADO;GSL LOGISTICA E TRANSPORTE LTDA;222-3/57;2026-05-13;2026-06-15 00:00:00;SAGI;Saídas (Aplicações)
004461;G3S CAMPO GRANDE;CTE-223;TRANSPORTE DE SUCATA;13885.2;-13885.2; -  DOCUMENTO ELETRÔNICO REFERENCIADO;GSL LOGISTICA E TRANSPORTE LTDA;223-3/57;2026-05-13;2026-06-15 00:00:00;SAGI;Saídas (Aplicações)
004462;G3S CAMPO GRANDE;CTE-224;TRANSPORTE DE SUCATA;13734.0;-13734; -  DOCUMENTO ELETRÔNICO REFERENCIADO;GSL LOGISTICA E TRANSPORTE LTDA;224-3/57;2026-05-13;2026-06-15 00:00:00;SAGI;Saídas (Aplicações)
001474;G3S CAMPO GRANDE;CTE-2631;FRETE DE TERCEIROS;850.0;-850; -  DOCUMENTO ELETRÔNICO REFERENCIADO;G&S TRANSPORTE LOGISTICA E LOCACAO DE MAQUINAS E EQUIPAMENTO;2631-3/57;2026-05-13;2026-06-11 00:00:00;SAGI;Saídas (Aplicações)
000224;G3S DOURADOS;CTE-2632;FRETE DE TERCEIROS;4180.3;-4180.3; SERVICO DE FRETE DE SUCATAS -  DOCUMENTO ELETRÔNICO REFERENCIADO;G&S TRANSPORTE LOGISTICA E LOCACAO DE MAQUINAS E EQUIPAMENTO;2632-3/57;2026-05-13;2026-06-09 00:00:00;SAGI;Saídas (Aplicações)
006725;G3S MARINGA;CTE-324;TRANSPORTE DE SUCATA;9131.4;-9131.4; -  DOCUMENTO ELETRÔNICO REFERENCIADO;GSL LOGISTICA E TRANSPORTE LTDA;324-2/57;2026-05-13;2026-05-27 00:00:00;SAGI;Saídas (Aplicações)
006726;G3S MARINGA;CTE-325;TRANSPORTE DE SUCATA;8250.75;-8250.75; -  DOCUMENTO ELETRÔNICO REFERENCIADO;GSL LOGISTICA E TRANSPORTE LTDA;325-2/57;2026-05-13;2026-05-27 00:00:00;SAGI;Saídas (Aplicações)
006327;G3S LONDRINA;CTE-5408;FRETE DE TERCEIROS;850.0;-850; -  DOCUMENTO ELETRÔNICO REFERENCIADO;G&S TRANSPORTE LOGISTICA E LOCACAO DE MAQUINAS E EQUIPAMENTO;5408-2/57;2026-05-13;2026-06-08 00:00:00;SAGI;Saídas (Aplicações)
002890;G3S MARINGA;CTE-5409;FRETE DE TERCEIROS;2252.5;-2252.5; -  DOCUMENTO ELETRÔNICO REFERENCIADO;G&S TRANSPORTE LOGISTICA E LOCACAO DE MAQUINAS E EQUIPAMENTO;5409-2/57;2026-05-13;2026-06-15 00:00:00;SAGI;Saídas (Aplicações)
002892;G3S MARINGA;CTE-5410;FRETE DE TERCEIROS;960.5;-960.5; -  DOCUMENTO ELETRÔNICO REFERENCIADO;G&S TRANSPORTE LOGISTICA E LOCACAO DE MAQUINAS E EQUIPAMENTO;5410-2/57;2026-05-13;2026-06-15 00:00:00;SAGI;Saídas (Aplicações)
002894;G3S MARINGA;CTE-5411;FRETE DE TERCEIROS;969.0;-969; -  DOCUMENTO ELETRÔNICO REFERENCIADO;G&S TRANSPORTE LOGISTICA E LOCACAO DE MAQUINAS E EQUIPAMENTO;5411-2/57;2026-05-13;2026-06-15 00:00:00;SAGI;Saídas (Aplicações)
002907;G3S MARINGA;CTE-5412;FRETE DE TERCEIROS;2939.3;-2939.3; -  DOCUMENTO ELETRÔNICO REFERENCIADO;G&S TRANSPORTE LOGISTICA E LOCACAO DE MAQUINAS E EQUIPAMENTO;5412-2/57;2026-05-13;2026-06-15 00:00:00;SAGI;Saídas (Aplicações)
006002;G3S PRUDENTE;CTE-1091;TRANSPORTE DE SUCATA;14163.4;-14163.4; CTE 1091 -  DOCUMENTO ELETRÔNICO REFERENCIADO;GSL LOGISTICA E TRANSPORTE LTDA;1091-1/57;2026-05-14;2026-05-25 00:00:00;SAGI;Saídas (Aplicações)
006001;G3S PRUDENTE;CTE-1092;TRANSPORTE DE SUCATA;11788.0;-11788; CTE 1092 -  DOCUMENTO ELETRÔNICO REFERENCIADO;GSL LOGISTICA E TRANSPORTE LTDA;1092-1/57;2026-05-14;2026-05-25 00:00:00;SAGI;Saídas (Aplicações)
006713;G3S PRUDENTE;CTE-1093;TRANSPORTE DE SUCATA;15669.62;-15669.62; CTE 1093 -  DOCUMENTO ELETRÔNICO REFERENCIADO;GSL LOGISTICA E TRANSPORTE LTDA;1093-1/57;2026-05-14;2026-05-28 00:00:00;SAGI;Saídas (Aplicações)
006712;G3S PRUDENTE;CTE-1094;TRANSPORTE DE SUCATA;14356.1;-14356.1; CTE 1094 -  DOCUMENTO ELETRÔNICO REFERENCIADO;GSL LOGISTICA E TRANSPORTE LTDA;1094-1/57;2026-05-14;2026-05-28 00:00:00;SAGI;Saídas (Aplicações)
006000;G3S PRUDENTE;CTE-1095;TRANSPORTE DE SUCATA;16187.45;-16187.45; CTE 1095 -  DOCUMENTO ELETRÔNICO REFERENCIADO;GSL LOGISTICA E TRANSPORTE LTDA;1095-1/57;2026-05-14;2026-05-25 00:00:00;SAGI;Saídas (Aplicações)
005999;G3S PRUDENTE;CTE-1096;TRANSPORTE DE SUCATA;16835.79;-16835.79; CTE 1096 -  DOCUMENTO ELETRÔNICO REFERENCIADO;GSL LOGISTICA E TRANSPORTE LTDA;1096-1/57;2026-05-14;2026-05-25 00:00:00;SAGI;Saídas (Aplicações)
006711;G3S PRUDENTE;CTE-1097;TRANSPORTE DE SUCATA;23170.2;-23170.2; CTE 1097 -  DOCUMENTO ELETRÔNICO REFERENCIADO;GSL LOGISTICA E TRANSPORTE LTDA;1097-1/57;2026-05-14;2026-05-28 00:00:00;SAGI;Saídas (Aplicações)
005998;G3S PRUDENTE;CTE-1098;TRANSPORTE DE SUCATA;17012.61;-17012.61; CTE 1098 -  DOCUMENTO ELETRÔNICO REFERENCIADO;GSL LOGISTICA E TRANSPORTE LTDA;1098-1/57;2026-05-14;2026-05-25 00:00:00;SAGI;Saídas (Aplicações)
006168;G3S PRUDENTE;CTE-13583;FRETE DE TERCEIROS;2176.0;-2176; CTE 13583 -  DOCUMENTO ELETRÔNICO REFERENCIADO;G&S TRANSPORTE LOGISTICA E LOCACAO DE MAQUINAS E EQUIPAMENTO;13583-1/57;2026-05-14;2026-05-25 00:00:00;SAGI;Saídas (Aplicações)
006166;G3S PRUDENTE;CTE-13584;FRETE DE TERCEIROS;2176.0;-2176; CTE 13584 -  DOCUMENTO ELETRÔNICO REFERENCIADO;G&S TRANSPORTE LOGISTICA E LOCACAO DE MAQUINAS E EQUIPAMENTO;13584-1/57;2026-05-14;2026-05-25 00:00:00;SAGI;Saídas (Aplicações)
004463;G3S CAMPO GRANDE;CTE-225;TRANSPORTE DE SUCATA;16556.4;-16556.4; -  DOCUMENTO ELETRÔNICO REFERENCIADO;GSL LOGISTICA E TRANSPORTE LTDA;225-3/57;2026-05-14;2026-06-15 00:00:00;SAGI;Saídas (Aplicações)
004464;G3S CAMPO GRANDE;CTE-226;TRANSPORTE DE SUCATA;13538.64;-13538.64; -  DOCUMENTO ELETRÔNICO REFERENCIADO;GSL LOGISTICA E TRANSPORTE LTDA;226-3/57;2026-05-14;2026-06-15 00:00:00;SAGI;Saídas (Aplicações)
004465;G3S CAMPO GRANDE;CTE-227;TRANSPORTE DE SUCATA;13011.6;-13011.6; -  DOCUMENTO ELETRÔNICO REFERENCIADO;GSL LOGISTICA E TRANSPORTE LTDA;227-3/57;2026-05-14;2026-06-15 00:00:00;SAGI;Saídas (Aplicações)
004466;G3S CAMPO GRANDE;CTE-228;TRANSPORTE DE SUCATA;15443.4;-15443.4; -  DOCUMENTO ELETRÔNICO REFERENCIADO;GSL LOGISTICA E TRANSPORTE LTDA;228-3/57;2026-05-14;2026-06-15 00:00:00;SAGI;Saídas (Aplicações)
004467;G3S CAMPO GRANDE;CTE-229;TRANSPORTE DE SUCATA;18149.09;-18149.09; -  DOCUMENTO ELETRÔNICO REFERENCIADO;GSL LOGISTICA E TRANSPORTE LTDA;229-3/57;2026-05-14;2026-06-15 00:00:00;SAGI;Saídas (Aplicações)
004468;G3S CAMPO GRANDE;CTE-230;TRANSPORTE DE SUCATA;14288.4;-14288.4; -  DOCUMENTO ELETRÔNICO REFERENCIADO;GSL LOGISTICA E TRANSPORTE LTDA;230-3/57;2026-05-14;2026-06-15 00:00:00;SAGI;Saídas (Aplicações)
006727;G3S MARINGA;CTE-326;TRANSPORTE DE SUCATA;9362.25;-9362.25; -  DOCUMENTO ELETRÔNICO REFERENCIADO;GSL LOGISTICA E TRANSPORTE LTDA;326-2/57;2026-05-14;2026-05-27 00:00:00;SAGI;Saídas (Aplicações)
001854;G3S MARINGA;CTE-327;TRANSPORTE DE SUCATA;10596.3;-10596.3; -  DOCUMENTO ELETRÔNICO REFERENCIADO;GSL LOGISTICA E TRANSPORTE LTDA;327-2/57;2026-05-14;2026-06-09 00:00:00;SAGI;Saídas (Aplicações)
005997;G3S PRUDENTE;CTE-1099;TRANSPORTE DE SUCATA;13871.95;-13871.95; CTE 1099 -  DOCUMENTO ELETRÔNICO REFERENCIADO;GSL LOGISTICA E TRANSPORTE LTDA;1099-1/57;2026-05-15;2026-05-25 00:00:00;SAGI;Saídas (Aplicações)
005996;G3S PRUDENTE;CTE-1100;TRANSPORTE DE SUCATA;17052.2;-17052.2; CTE 1100 -  DOCUMENTO ELETRÔNICO REFERENCIADO;GSL LOGISTICA E TRANSPORTE LTDA;1100-1/57;2026-05-15;2026-05-25 00:00:00;SAGI;Saídas (Aplicações)
005995;G3S PRUDENTE;CTE-1101;TRANSPORTE DE SUCATA;14949.71;-14949.71; CTE 1101 -  DOCUMENTO ELETRÔNICO REFERENCIADO;GSL LOGISTICA E TRANSPORTE LTDA;1101-1/57;2026-05-15;2026-05-25 00:00:00;SAGI;Saídas (Aplicações)
005994;G3S PRUDENTE;CTE-1102;TRANSPORTE DE SUCATA;18565.6;-18565.6; CTE 1102 -  DOCUMENTO ELETRÔNICO REFERENCIADO;GSL LOGISTICA E TRANSPORTE LTDA;1102-1/57;2026-05-15;2026-05-25 00:00:00;SAGI;Saídas (Aplicações)
005993;G3S PRUDENTE;CTE-1104;TRANSPORTE DE SUCATA;15471.75;-15471.75; CTE 1104 -  DOCUMENTO ELETRÔNICO REFERENCIADO;GSL LOGISTICA E TRANSPORTE LTDA;1104-1/57;2026-05-15;2026-05-25 00:00:00;SAGI;Saídas (Aplicações)
005992;G3S PRUDENTE;CTE-1105;TRANSPORTE DE SUCATA;13480.42;-13480.42; CTE 1105 -  DOCUMENTO ELETRÔNICO REFERENCIADO;GSL LOGISTICA E TRANSPORTE LTDA;1105-1/57;2026-05-15;2026-05-25 00:00:00;SAGI;Saídas (Aplicações)
005991;G3S PRUDENTE;CTE-1106;TRANSPORTE DE SUCATA;13244.66;-13244.66; CTE 1106 -  DOCUMENTO ELETRÔNICO REFERENCIADO;GSL LOGISTICA E TRANSPORTE LTDA;1106-1/57;2026-05-15;2026-05-25 00:00:00;SAGI;Saídas (Aplicações)
006710;G3S PRUDENTE;CTE-1107;TRANSPORTE DE SUCATA;21114.0;-21114; CTE 1107 -  DOCUMENTO ELETRÔNICO REFERENCIADO;GSL LOGISTICA E TRANSPORTE LTDA;1107-1/57;2026-05-15;2026-05-28 00:00:00;SAGI;Saídas (Aplicações)
005990;G3S PRUDENTE;CTE-1108;TRANSPORTE DE SUCATA;10903.9;-10903.9; CTE 1108 -  DOCUMENTO ELETRÔNICO REFERENCIADO;GSL LOGISTICA E TRANSPORTE LTDA;1108-1/57;2026-05-15;2026-05-25 00:00:00;SAGI;Saídas (Aplicações)
001686;G3S PRUDENTE;CTE-1109;TRANSPORTE DE SUCATA;12672.1;-12672.1; CTE 1109 -  DOCUMENTO ELETRÔNICO REFERENCIADO;GSL LOGISTICA E TRANSPORTE LTDA;1109-1/57;2026-05-18;2026-06-02 00:00:00;SAGI;Saídas (Aplicações)
005989;G3S PRUDENTE;CTE-1110;TRANSPORTE DE SUCATA;17079.97;-17079.97; CTE 1110 -  DOCUMENTO ELETRÔNICO REFERENCIADO;GSL LOGISTICA E TRANSPORTE LTDA;1110-1/57;2026-05-18;2026-05-25 00:00:00;SAGI;Saídas (Aplicações)
006006;G3S PRUDENTE;CTE-1111;TRANSPORTE DE SUCATA;13514.1;-13514.1; -  DOCUMENTO ELETRÔNICO REFERENCIADO;GSL LOGISTICA E TRANSPORTE LTDA;1111-1/57;2026-05-18;2026-05-25 00:00:00;SAGI;Saídas (Aplicações)
006005;G3S PRUDENTE;CTE-1112;TRANSPORTE DE SUCATA;13488.84;-13488.84; -  DOCUMENTO ELETRÔNICO REFERENCIADO;GSL LOGISTICA E TRANSPORTE LTDA;1112-1/57;2026-05-18;2026-05-25 00:00:00;SAGI;Saídas (Aplicações)
001698;G3S PRUDENTE;CTE-1113;TRANSPORTE DE SUCATA;21385.4;-21385.4; -  DOCUMENTO ELETRÔNICO REFERENCIADO;GSL LOGISTICA E TRANSPORTE LTDA;1113-1/57;2026-05-18;2026-06-02 00:00:00;SAGI;Saídas (Aplicações)
001697;G3S PRUDENTE;CTE-1114;TRANSPORTE DE SUCATA;22765.4;-22765.4; -  DOCUMENTO ELETRÔNICO REFERENCIADO;GSL LOGISTICA E TRANSPORTE LTDA;1114-1/57;2026-05-18;2026-06-02 00:00:00;SAGI;Saídas (Aplicações)
006004;G3S PRUDENTE;CTE-1115;TRANSPORTE DE SUCATA;13320.44;-13320.44; -  DOCUMENTO ELETRÔNICO REFERENCIADO;GSL LOGISTICA E TRANSPORTE LTDA;1115-1/57;2026-05-18;2026-05-25 00:00:00;SAGI;Saídas (Aplicações)
001696;G3S PRUDENTE;CTE-1116;TRANSPORTE DE SUCATA;19644.27;-19644.27; -  DOCUMENTO ELETRÔNICO REFERENCIADO;GSL LOGISTICA E TRANSPORTE LTDA;1116-1/57;2026-05-18;2026-06-02 00:00:00;SAGI;Saídas (Aplicações)
006003;G3S PRUDENTE;CTE-1117;TRANSPORTE DE SUCATA;14806.57;-14806.57; -  DOCUMENTO ELETRÔNICO REFERENCIADO;GSL LOGISTICA E TRANSPORTE LTDA;1117-1/57;2026-05-18;2026-05-25 00:00:00;SAGI;Saídas (Aplicações)
001695;G3S PRUDENTE;CTE-1118;TRANSPORTE DE SUCATA;13190.85;-13190.85; -  DOCUMENTO ELETRÔNICO REFERENCIADO;GSL LOGISTICA E TRANSPORTE LTDA;1118-1/57;2026-05-18;2026-06-02 00:00:00;SAGI;Saídas (Aplicações)
001694;G3S PRUDENTE;CTE-1119;TRANSPORTE DE SUCATA;12976.2;-12976.2; -  DOCUMENTO ELETRÔNICO REFERENCIADO;GSL LOGISTICA E TRANSPORTE LTDA;1119-1/57;2026-05-18;2026-06-02 00:00:00;SAGI;Saídas (Aplicações)
006165;G3S PRUDENTE;CTE-13585;FRETE DE TERCEIROS;850.0;-850; CTE 13585 -  DOCUMENTO ELETRÔNICO REFERENCIADO;G&S TRANSPORTE LOGISTICA E LOCACAO DE MAQUINAS E EQUIPAMENTO;13585-1/57;2026-05-18;2026-05-25 00:00:00;SAGI;Saídas (Aplicações)
006164;G3S PRUDENTE;CTE-13586;FRETE DE TERCEIROS;850.0;-850; CTE 13586 -  DOCUMENTO ELETRÔNICO REFERENCIADO;G&S TRANSPORTE LOGISTICA E LOCACAO DE MAQUINAS E EQUIPAMENTO;13586-1/57;2026-05-18;2026-05-25 00:00:00;SAGI;Saídas (Aplicações)
006163;G3S PRUDENTE;CTE-13587;FRETE DE TERCEIROS;850.0;-850; CTE 13587 -  DOCUMENTO ELETRÔNICO REFERENCIADO;G&S TRANSPORTE LOGISTICA E LOCACAO DE MAQUINAS E EQUIPAMENTO;13587-1/57;2026-05-18;2026-05-25 00:00:00;SAGI;Saídas (Aplicações)
006162;G3S PRUDENTE;CTE-13588;FRETE DE TERCEIROS;850.0;-850; CTE 13588 -  DOCUMENTO ELETRÔNICO REFERENCIADO;G&S TRANSPORTE LOGISTICA E LOCACAO DE MAQUINAS E EQUIPAMENTO;13588-1/57;2026-05-18;2026-05-25 00:00:00;SAGI;Saídas (Aplicações)
006161;G3S PRUDENTE;CTE-13589;FRETE DE TERCEIROS;850.0;-850; CTE 13589 -  DOCUMENTO ELETRÔNICO REFERENCIADO;G&S TRANSPORTE LOGISTICA E LOCACAO DE MAQUINAS E EQUIPAMENTO;13589-1/57;2026-05-18;2026-05-25 00:00:00;SAGI;Saídas (Aplicações)
006160;G3S PRUDENTE;CTE-13590;FRETE DE TERCEIROS;850.0;-850; CTE 13590 -  DOCUMENTO ELETRÔNICO REFERENCIADO;G&S TRANSPORTE LOGISTICA E LOCACAO DE MAQUINAS E EQUIPAMENTO;13590-1/57;2026-05-18;2026-05-25 00:00:00;SAGI;Saídas (Aplicações)
006159;G3S PRUDENTE;CTE-13591;FRETE DE TERCEIROS;850.0;-850; CTE 13591 -  DOCUMENTO ELETRÔNICO REFERENCIADO;G&S TRANSPORTE LOGISTICA E LOCACAO DE MAQUINAS E EQUIPAMENTO;13591-1/57;2026-05-18;2026-05-25 00:00:00;SAGI;Saídas (Aplicações)
006158;G3S PRUDENTE;CTE-13592;FRETE DE TERCEIROS;850.0;-850; CTE 13592 -  DOCUMENTO ELETRÔNICO REFERENCIADO;G&S TRANSPORTE LOGISTICA E LOCACAO DE MAQUINAS E EQUIPAMENTO;13592-1/57;2026-05-18;2026-05-25 00:00:00;SAGI;Saídas (Aplicações)
000820;G3S PRUDENTE;CTE-13595;FRETE DE TERCEIROS;5836.8;-5836.8; -  DOCUMENTO ELETRÔNICO REFERENCIADO;G&S TRANSPORTE LOGISTICA E LOCACAO DE MAQUINAS E EQUIPAMENTO;13595-1/57;2026-05-18;2026-05-29 00:00:00;SAGI;Saídas (Aplicações)
000819;G3S PRUDENTE;CTE-13596;FRETE DE TERCEIROS;5961.6;-5961.6; -  DOCUMENTO ELETRÔNICO REFERENCIADO;G&S TRANSPORTE LOGISTICA E LOCACAO DE MAQUINAS E EQUIPAMENTO;13596-1/57;2026-05-18;2026-05-29 00:00:00;SAGI;Saídas (Aplicações)
001475;G3S CAMPO GRANDE;CTE-2633;FRETE DE TERCEIROS;850.0;-850; -  DOCUMENTO ELETRÔNICO REFERENCIADO;G&S TRANSPORTE LOGISTICA E LOCACAO DE MAQUINAS E EQUIPAMENTO;2633-3/57;2026-05-18;2026-06-11 00:00:00;SAGI;Saídas (Aplicações)
001476;G3S CAMPO GRANDE;CTE-2634;FRETE DE TERCEIROS;850.0;-850; -  DOCUMENTO ELETRÔNICO REFERENCIADO;G&S TRANSPORTE LOGISTICA E LOCACAO DE MAQUINAS E EQUIPAMENTO;2634-3/57;2026-05-18;2026-06-11 00:00:00;SAGI;Saídas (Aplicações)
000225;G3S DOURADOS;CTE-2635;FRETE DE TERCEIROS;3039.6;-3039.6; SERVICO DE FRETE DE SUCATAS -  DOCUMENTO ELETRÔNICO REFERENCIADO;G&S TRANSPORTE LOGISTICA E LOCACAO DE MAQUINAS E EQUIPAMENTO;2635-3/57;2026-05-18;2026-06-09 00:00:00;SAGI;Saídas (Aplicações)
000226;G3S DOURADOS;CTE-2636;FRETE DE TERCEIROS;1679.6;-1679.6; SERVICO DE FRETE DE SUCATAS -  DOCUMENTO ELETRÔNICO REFERENCIADO;G&S TRANSPORTE LOGISTICA E LOCACAO DE MAQUINAS E EQUIPAMENTO;2636-3/57;2026-05-18;2026-06-09 00:00:00;SAGI;Saídas (Aplicações)
002522;G3S MARINGA;CTE-328;TRANSPORTE DE SUCATA;2000.0;-2000; -  DOCUMENTO ELETRÔNICO REFERENCIADO;GSL LOGISTICA E TRANSPORTE LTDA;328-2/57;2026-05-18;;SAGI;Saídas (Aplicações)
002523;G3S MARINGA;CTE-329;TRANSPORTE DE SUCATA;2000.0;-2000; -  DOCUMENTO ELETRÔNICO REFERENCIADO;GSL LOGISTICA E TRANSPORTE LTDA;329-2/57;2026-05-18;;SAGI;Saídas (Aplicações)
002593;G3S MARINGA;CTE-330;TRANSPORTE DE SUCATA;12766.5;-12766.5; -  DOCUMENTO ELETRÔNICO REFERENCIADO;GSL LOGISTICA E TRANSPORTE LTDA;330-2/57;2026-05-18;2026-06-01 00:00:00;SAGI;Saídas (Aplicações)
002594;G3S MARINGA;CTE-331;TRANSPORTE DE SUCATA;14098.5;-14098.5; -  DOCUMENTO ELETRÔNICO REFERENCIADO;GSL LOGISTICA E TRANSPORTE LTDA;331-2/57;2026-05-18;2026-06-01 00:00:00;SAGI;Saídas (Aplicações)
002595;G3S PRUDENTE;CTE-332;TRANSPORTE DE SUCATA;17649.0;-17649; -  DOCUMENTO ELETRÔNICO REFERENCIADO;GSL LOGISTICA E TRANSPORTE LTDA;332-2/57;2026-05-18;2026-06-01 00:00:00;SAGI;Saídas (Aplicações)
001687;G3S PRUDENTE;CTE-333;TRANSPORTE DE SUCATA;14593.5;-14593.5; -  DOCUMENTO ELETRÔNICO REFERENCIADO;GSL LOGISTICA E TRANSPORTE LTDA;333-2/57;2026-05-18;2026-06-02 00:00:00;SAGI;Saídas (Aplicações)
001688;G3S PRUDENTE;CTE-334;TRANSPORTE DE SUCATA;15345.0;-15345; -  DOCUMENTO ELETRÔNICO REFERENCIADO;GSL LOGISTICA E TRANSPORTE LTDA;334-2/57;2026-05-18;2026-06-02 00:00:00;SAGI;Saídas (Aplicações)
006328;G3S LONDRINA;CTE-5413;FRETE DE TERCEIROS;850.0;-850; -  DOCUMENTO ELETRÔNICO REFERENCIADO;G&S TRANSPORTE LOGISTICA E LOCACAO DE MAQUINAS E EQUIPAMENTO;5413-2/57;2026-05-18;2026-06-08 00:00:00;SAGI;Saídas (Aplicações)
006329;G3S LONDRINA;CTE-5414;FRETE DE TERCEIROS;850.0;-850; -  DOCUMENTO ELETRÔNICO REFERENCIADO;G&S TRANSPORTE LOGISTICA E LOCACAO DE MAQUINAS E EQUIPAMENTO;5414-2/57;2026-05-18;2026-06-08 00:00:00;SAGI;Saídas (Aplicações)
006330;G3S LONDRINA;CTE-5415;FRETE DE TERCEIROS;850.0;-850; -  DOCUMENTO ELETRÔNICO REFERENCIADO;G&S TRANSPORTE LOGISTICA E LOCACAO DE MAQUINAS E EQUIPAMENTO;5415-2/57;2026-05-18;2026-06-08 00:00:00;SAGI;Saídas (Aplicações)
006331;G3S LONDRINA;CTE-5416;FRETE DE TERCEIROS;850.0;-850; -  DOCUMENTO ELETRÔNICO REFERENCIADO;G&S TRANSPORTE LOGISTICA E LOCACAO DE MAQUINAS E EQUIPAMENTO;5416-2/57;2026-05-18;2026-06-08 00:00:00;SAGI;Saídas (Aplicações)
006332;G3S LONDRINA;CTE-5417;FRETE DE TERCEIROS;850.0;-850; -  DOCUMENTO ELETRÔNICO REFERENCIADO;G&S TRANSPORTE LOGISTICA E LOCACAO DE MAQUINAS E EQUIPAMENTO;5417-2/57;2026-05-18;2026-06-08 00:00:00;SAGI;Saídas (Aplicações)
002911;G3S MARINGA;CTE-5418;FRETE DE TERCEIROS;3228.3;-3228.3; -  DOCUMENTO ELETRÔNICO REFERENCIADO;G&S TRANSPORTE LOGISTICA E LOCACAO DE MAQUINAS E EQUIPAMENTO;5418-2/57;2026-05-18;2026-06-15 00:00:00;SAGI;Saídas (Aplicações)
002912;G3S MARINGA;CTE-5419;FRETE DE TERCEIROS;1218.9;-1218.9; -  DOCUMENTO ELETRÔNICO REFERENCIADO;G&S TRANSPORTE LOGISTICA E LOCACAO DE MAQUINAS E EQUIPAMENTO;5419-2/57;2026-05-18;2026-06-15 00:00:00;SAGI;Saídas (Aplicações)
002913;G3S MARINGA;CTE-5420;FRETE DE TERCEIROS;1390.6;-1390.6; -  DOCUMENTO ELETRÔNICO REFERENCIADO;G&S TRANSPORTE LOGISTICA E LOCACAO DE MAQUINAS E EQUIPAMENTO;5420-2/57;2026-05-18;2026-06-15 00:00:00;SAGI;Saídas (Aplicações)
002914;G3S MARINGA;CTE-5421;FRETE DE TERCEIROS;850.0;-850; -  DOCUMENTO ELETRÔNICO REFERENCIADO;G&S TRANSPORTE LOGISTICA E LOCACAO DE MAQUINAS E EQUIPAMENTO;5421-2/57;2026-05-18;2026-06-15 00:00:00;SAGI;Saídas (Aplicações)
002915;G3S MARINGA;CTE-5422;FRETE DE TERCEIROS;3655.0;-3655; -  DOCUMENTO ELETRÔNICO REFERENCIADO;G&S TRANSPORTE LOGISTICA E LOCACAO DE MAQUINAS E EQUIPAMENTO;5422-2/57;2026-05-18;2026-06-15 00:00:00;SAGI;Saídas (Aplicações)
002916;G3S MARINGA;CTE-5423;FRETE DE TERCEIROS;4605.3;-4605.3; -  DOCUMENTO ELETRÔNICO REFERENCIADO;G&S TRANSPORTE LOGISTICA E LOCACAO DE MAQUINAS E EQUIPAMENTO;5423-2/57;2026-05-18;2026-06-15 00:00:00;SAGI;Saídas (Aplicações)
002917;G3S MARINGA;CTE-5424;FRETE DE TERCEIROS;1788.4;-1788.4; -  DOCUMENTO ELETRÔNICO REFERENCIADO;G&S TRANSPORTE LOGISTICA E LOCACAO DE MAQUINAS E EQUIPAMENTO;5424-2/57;2026-05-18;2026-06-15 00:00:00;SAGI;Saídas (Aplicações)
002918;G3S MARINGA;CTE-5425;FRETE DE TERCEIROS;5195.2;-5195.2; -  DOCUMENTO ELETRÔNICO REFERENCIADO;G&S TRANSPORTE LOGISTICA E LOCACAO DE MAQUINAS E EQUIPAMENTO;5425-2/57;2026-05-18;2026-06-15 00:00:00;SAGI;Saídas (Aplicações)
002919;G3S MARINGA;CTE-5426;FRETE DE TERCEIROS;2879.8;-2879.8; -  DOCUMENTO ELETRÔNICO REFERENCIADO;G&S TRANSPORTE LOGISTICA E LOCACAO DE MAQUINAS E EQUIPAMENTO;5426-2/57;2026-05-18;2026-06-15 00:00:00;SAGI;Saídas (Aplicações)
002922;G3S MARINGA;CTE-5427;FRETE DE TERCEIROS;850.0;-850; -  DOCUMENTO ELETRÔNICO REFERENCIADO;G&S TRANSPORTE LOGISTICA E LOCACAO DE MAQUINAS E EQUIPAMENTO;5427-2/57;2026-05-18;2026-06-15 00:00:00;SAGI;Saídas (Aplicações)
002921;G3S MARINGA;CTE-5428;FRETE DE TERCEIROS;868.7;-868.7; -  DOCUMENTO ELETRÔNICO REFERENCIADO;G&S TRANSPORTE LOGISTICA E LOCACAO DE MAQUINAS E EQUIPAMENTO;5428-2/57;2026-05-18;2026-06-15 00:00:00;SAGI;Saídas (Aplicações)
002920;G3S MARINGA;CTE-5429;FRETE DE TERCEIROS;5230.9;-5230.9; -  DOCUMENTO ELETRÔNICO REFERENCIADO;G&S TRANSPORTE LOGISTICA E LOCACAO DE MAQUINAS E EQUIPAMENTO;5429-2/57;2026-05-18;2026-06-15 00:00:00;SAGI;Saídas (Aplicações)
001702;G3S PRUDENTE;CTE-1120;TRANSPORTE DE SUCATA;13455.16;-13455.16; -  DOCUMENTO ELETRÔNICO REFERENCIADO;GSL LOGISTICA E TRANSPORTE LTDA;1120-1/57;2026-05-19;2026-06-03 00:00:00;SAGI;Saídas (Aplicações)
001701;G3S PRUDENTE;CTE-1121;TRANSPORTE DE SUCATA;13568.83;-13568.83; -  DOCUMENTO ELETRÔNICO REFERENCIADO;GSL LOGISTICA E TRANSPORTE LTDA;1121-1/57;2026-05-19;2026-06-03 00:00:00;SAGI;Saídas (Aplicações)
001700;G3S PRUDENTE;CTE-1122;TRANSPORTE DE SUCATA;14499.05;-14499.05; -  DOCUMENTO ELETRÔNICO REFERENCIADO;GSL LOGISTICA E TRANSPORTE LTDA;1122-1/57;2026-05-19;2026-06-03 00:00:00;SAGI;Saídas (Aplicações)
001699;G3S PRUDENTE;CTE-1123;TRANSPORTE DE SUCATA;17305.65;-17305.65; -  DOCUMENTO ELETRÔNICO REFERENCIADO;GSL LOGISTICA E TRANSPORTE LTDA;1123-1/57;2026-05-19;2026-06-03 00:00:00;SAGI;Saídas (Aplicações)
000227;G3S DOURADOS;CTE-2637;FRETE DE TERCEIROS;5848.0;-5848; SERVICOS DE FRETE DE SUCATA -  DOCUMENTO ELETRÔNICO REFERENCIADO;G&S TRANSPORTE LOGISTICA E LOCACAO DE MAQUINAS E EQUIPAMENTO;2637-3/57;2026-05-19;2026-06-09 00:00:00;SAGI;Saídas (Aplicações)
005379;G3S DOURADOS;CTE-2638;FRETE DE TERCEIROS;4346.9;-4346.9; SERVICO DE FRETE DE SUCATAS -  DOCUMENTO ELETRÔNICO REFERENCIADO;G&S TRANSPORTE LOGISTICA E LOCACAO DE MAQUINAS E EQUIPAMENTO;2638-3/57;2026-05-19;;SAGI;Saídas (Aplicações)
005380;G3S DOURADOS;CTE-2639;FRETE DE TERCEIROS;8882.0;-8882; SERVICO DE FRETE DE SUCATAS -  DOCUMENTO ELETRÔNICO REFERENCIADO;G&S TRANSPORTE LOGISTICA E LOCACAO DE MAQUINAS E EQUIPAMENTO;2639-3/57;2026-05-19;;SAGI;Saídas (Aplicações)
005381;G3S DOURADOS;CTE-2640;FRETE DE TERCEIROS;2128.0;-2128; SERVICO DE FRETE DE SUCATAS -  DOCUMENTO ELETRÔNICO REFERENCIADO;G&S TRANSPORTE LOGISTICA E LOCACAO DE MAQUINAS E EQUIPAMENTO;2640-3/57;2026-05-19;;SAGI;Saídas (Aplicações)
001689;G3S PRUDENTE;CTE-335;TRANSPORTE DE SUCATA;14400.0;-14400; -  DOCUMENTO ELETRÔNICO REFERENCIADO;GSL LOGISTICA E TRANSPORTE LTDA;335-2/57;2026-05-19;2026-06-02 00:00:00;SAGI;Saídas (Aplicações)
001690;G3S PRUDENTE;CTE-336;TRANSPORTE DE SUCATA;23508.0;-23508; -  DOCUMENTO ELETRÔNICO REFERENCIADO;GSL LOGISTICA E TRANSPORTE LTDA;336-2/57;2026-05-19;2026-06-02 00:00:00;SAGI;Saídas (Aplicações)
001691;G3S PRUDENTE;CTE-337;TRANSPORTE DE SUCATA;14557.5;-14557.5; -  DOCUMENTO ELETRÔNICO REFERENCIADO;GSL LOGISTICA E TRANSPORTE LTDA;337-2/57;2026-05-19;2026-06-02 00:00:00;SAGI;Saídas (Aplicações)
001692;G3S PRUDENTE;CTE-338;TRANSPORTE DE SUCATA;22756.5;-22756.5; -  DOCUMENTO ELETRÔNICO REFERENCIADO;GSL LOGISTICA E TRANSPORTE LTDA;338-2/57;2026-05-19;2026-06-02 00:00:00;SAGI;Saídas (Aplicações)
001693;G3S PRUDENTE;CTE-339;TRANSPORTE DE SUCATA;15246.0;-15246; -  DOCUMENTO ELETRÔNICO REFERENCIADO;GSL LOGISTICA E TRANSPORTE LTDA;339-2/57;2026-05-19;2026-06-02 00:00:00;SAGI;Saídas (Aplicações)
006333;G3S LONDRINA;CTE-5430;FRETE DE TERCEIROS;850.0;-850; -  DOCUMENTO ELETRÔNICO REFERENCIADO;G&S TRANSPORTE LOGISTICA E LOCACAO DE MAQUINAS E EQUIPAMENTO;5430-2/57;2026-05-19;2026-06-08 00:00:00;SAGI;Saídas (Aplicações)
002923;G3S MARINGA;CTE-5431;FRETE DE TERCEIROS;5200.3;-5200.3; -  DOCUMENTO ELETRÔNICO REFERENCIADO;G&S TRANSPORTE LOGISTICA E LOCACAO DE MAQUINAS E EQUIPAMENTO;5431-2/57;2026-05-19;2026-06-15 00:00:00;SAGI;Saídas (Aplicações)
002940;G3S MARINGA;CTE-5432;FRETE DE TERCEIROS;850.0;-850; -  DOCUMENTO ELETRÔNICO REFERENCIADO;G&S TRANSPORTE LOGISTICA E LOCACAO DE MAQUINAS E EQUIPAMENTO;5432-2/57;2026-05-19;2026-06-15 00:00:00;SAGI;Saídas (Aplicações)
002941;G3S MARINGA;CTE-5433;FRETE DE TERCEIROS;1518.1;-1518.1; CTE 5433 -  DOCUMENTO ELETRÔNICO REFERENCIADO;G&S TRANSPORTE LOGISTICA E LOCACAO DE MAQUINAS E EQUIPAMENTO;5433-2/57;2026-05-19;2026-06-15 00:00:00;SAGI;Saídas (Aplicações)
004346;G3S PRUDENTE;CTE-1124;TRANSPORTE DE SUCATA;16408.0;-16408; -  DOCUMENTO ELETRÔNICO REFERENCIADO;GSL LOGISTICA E TRANSPORTE LTDA;1124-1/57;2026-05-20;2026-06-16 00:00:00;SAGI;Saídas (Aplicações)
001709;G3S PRUDENTE;CTE-1125;TRANSPORTE DE SUCATA;15704.0;-15704; -  DOCUMENTO ELETRÔNICO REFERENCIADO;GSL LOGISTICA E TRANSPORTE LTDA;1125-1/57;2026-05-20;2026-06-03 00:00:00;SAGI;Saídas (Aplicações)
001708;G3S PRUDENTE;CTE-1126;TRANSPORTE DE SUCATA;13055.21;-13055.21; -  DOCUMENTO ELETRÔNICO REFERENCIADO;GSL LOGISTICA E TRANSPORTE LTDA;1126-1/57;2026-05-20;2026-06-03 00:00:00;SAGI;Saídas (Aplicações)
001707;G3S PRUDENTE;CTE-1127;TRANSPORTE DE SUCATA;13998.25;-13998.25; -  DOCUMENTO ELETRÔNICO REFERENCIADO;GSL LOGISTICA E TRANSPORTE LTDA;1127-1/57;2026-05-20;2026-06-03 00:00:00;SAGI;Saídas (Aplicações)
001706;G3S PRUDENTE;CTE-1128;TRANSPORTE DE SUCATA;13758.28;-13758.28; -  DOCUMENTO ELETRÔNICO REFERENCIADO;GSL LOGISTICA E TRANSPORTE LTDA;1128-1/57;2026-05-20;2026-06-03 00:00:00;SAGI;Saídas (Aplicações)
001705;G3S PRUDENTE;CTE-1129;TRANSPORTE DE SUCATA;13754.07;-13754.07; -  DOCUMENTO ELETRÔNICO REFERENCIADO;GSL LOGISTICA E TRANSPORTE LTDA;1129-1/57;2026-05-20;2026-06-03 00:00:00;SAGI;Saídas (Aplicações)
001704;G3S PRUDENTE;CTE-1130;TRANSPORTE DE SUCATA;13438.32;-13438.32; -  DOCUMENTO ELETRÔNICO REFERENCIADO;GSL LOGISTICA E TRANSPORTE LTDA;1130-1/57;2026-05-20;2026-06-03 00:00:00;SAGI;Saídas (Aplicações)
001717;G3S PRUDENTE;CTE-1131;TRANSPORTE DE SUCATA;15147.58;-15147.58; -  DOCUMENTO ELETRÔNICO REFERENCIADO;GSL LOGISTICA E TRANSPORTE LTDA;1131-1/57;2026-05-20;2026-06-03 00:00:00;SAGI;Saídas (Aplicações)
001703;G3S PRUDENTE;CTE-1132;TRANSPORTE DE SUCATA;17172.59;-17172.59; -  DOCUMENTO ELETRÔNICO REFERENCIADO;GSL LOGISTICA E TRANSPORTE LTDA;1132-1/57;2026-05-20;2026-06-03 00:00:00;SAGI;Saídas (Aplicações)
000818;G3S PRUDENTE;CTE-13597;FRETE DE TERCEIROS;3370.6;-3370.6; -  DOCUMENTO ELETRÔNICO REFERENCIADO;G&S TRANSPORTE LOGISTICA E LOCACAO DE MAQUINAS E EQUIPAMENTO;13597-1/57;2026-05-20;2026-05-29 00:00:00;SAGI;Saídas (Aplicações)
001477;G3S CAMPO GRANDE;CTE-2641;FRETE DE TERCEIROS;1000.0;-1000; -  DOCUMENTO ELETRÔNICO REFERENCIADO;G&S TRANSPORTE LOGISTICA E LOCACAO DE MAQUINAS E EQUIPAMENTO;2641-3/57;2026-05-20;2026-06-11 00:00:00;SAGI;Saídas (Aplicações)
005382;G3S DOURADOS;CTE-2642;FRETE DE TERCEIROS;8736.0;-8736; SERVICO DE FRETE DE SUCATA -  DOCUMENTO ELETRÔNICO REFERENCIADO;G&S TRANSPORTE LOGISTICA E LOCACAO DE MAQUINAS E EQUIPAMENTO;2642-3/57;2026-05-20;;SAGI;Saídas (Aplicações)
001478;G3S CAMPO GRANDE;CTE-2643;FRETE DE TERCEIROS;1000.0;-1000; -  DOCUMENTO ELETRÔNICO REFERENCIADO;G&S TRANSPORTE LOGISTICA E LOCACAO DE MAQUINAS E EQUIPAMENTO;2643-3/57;2026-05-20;2026-06-11 00:00:00;SAGI;Saídas (Aplicações)
002525;G3S MARINGA;CTE-341;TRANSPORTE DE SUCATA;9291.0;-9291; -  DOCUMENTO ELETRÔNICO REFERENCIADO;GSL LOGISTICA E TRANSPORTE LTDA;341-2/57;2026-05-20;;SAGI;Saídas (Aplicações)
004014;G3S PRUDENTE;CTE-342;TRANSPORTE DE SUCATA;19913.7;-19913.7; -  DOCUMENTO ELETRÔNICO REFERENCIADO;GSL LOGISTICA E TRANSPORTE LTDA;342-2/57;2026-05-20;2026-06-12 00:00:00;SAGI;Saídas (Aplicações)
002148;G3S PRUDENTE;CTE-343;TRANSPORTE DE SUCATA;11174.4;-11174.4; -  DOCUMENTO ELETRÔNICO REFERENCIADO;GSL LOGISTICA E TRANSPORTE LTDA;343-2/57;2026-05-20;;SAGI;Saídas (Aplicações)
001910;G3S MARINGA;CTE-344;TRANSPORTE DE SUCATA;9878.1;-9878.1; -  DOCUMENTO ELETRÔNICO REFERENCIADO;GSL LOGISTICA E TRANSPORTE LTDA;344-2/57;2026-05-20;2026-06-10 00:00:00;SAGI;Saídas (Aplicações)
004013;G3S PRUDENTE;CTE-345;TRANSPORTE DE SUCATA;11620.8;-11620.8; -  DOCUMENTO ELETRÔNICO REFERENCIADO;GSL LOGISTICA E TRANSPORTE LTDA;345-2/57;2026-05-20;2026-06-12 00:00:00;SAGI;Saídas (Aplicações)
004012;G3S PRUDENTE;CTE-346;TRANSPORTE DE SUCATA;13657.5;-13657.5; -  DOCUMENTO ELETRÔNICO REFERENCIADO;GSL LOGISTICA E TRANSPORTE LTDA;346-2/57;2026-05-20;2026-06-12 00:00:00;SAGI;Saídas (Aplicações)
004011;G3S PRUDENTE;CTE-347;TRANSPORTE DE SUCATA;10028.2;-10028.2; -  DOCUMENTO ELETRÔNICO REFERENCIADO;GSL LOGISTICA E TRANSPORTE LTDA;347-2/57;2026-05-20;2026-06-12 00:00:00;SAGI;Saídas (Aplicações)
002524;G3S MARINGA;CTE-348;TRANSPORTE DE SUCATA;10131.0;-10131; -  DOCUMENTO ELETRÔNICO REFERENCIADO;GSL LOGISTICA E TRANSPORTE LTDA;348-2/57;2026-05-20;;SAGI;Saídas (Aplicações)
004009;G3S MARINGA;CTE-349;TRANSPORTE DE SUCATA;16933.5;-16933.5; -  DOCUMENTO ELETRÔNICO REFERENCIADO;GSL LOGISTICA E TRANSPORTE LTDA;349-2/57;2026-05-20;2026-06-12 00:00:00;SAGI;Saídas (Aplicações)
004010;G3S PRUDENTE;CTE-350;TRANSPORTE DE SUCATA;11246.2;-11246.2; -  DOCUMENTO ELETRÔNICO REFERENCIADO;GSL LOGISTICA E TRANSPORTE LTDA;350-2/57;2026-05-20;2026-06-12 00:00:00;SAGI;Saídas (Aplicações)
006334;G3S LONDRINA;CTE-5434;FRETE DE TERCEIROS;850.0;-850; -  DOCUMENTO ELETRÔNICO REFERENCIADO;G&S TRANSPORTE LOGISTICA E LOCACAO DE MAQUINAS E EQUIPAMENTO;5434-2/57;2026-05-20;2026-06-08 00:00:00;SAGI;Saídas (Aplicações)
002942;G3S MARINGA;CTE-5435;FRETE DE TERCEIROS;2975.0;-2975; CTE 5435 -  DOCUMENTO ELETRÔNICO REFERENCIADO;G&S TRANSPORTE LOGISTICA E LOCACAO DE MAQUINAS E EQUIPAMENTO;5435-2/57;2026-05-20;2026-06-15 00:00:00;SAGI;Saídas (Aplicações)
001665;G3S MARINGA;CTE-5436;FRETE DE TERCEIROS;2238.9;-2238.9; CTE 5436 -  DOCUMENTO ELETRÔNICO REFERENCIADO;G&S TRANSPORTE LOGISTICA E LOCACAO DE MAQUINAS E EQUIPAMENTO;5436-2/57;2026-05-20;;SAGI;Saídas (Aplicações)
002943;G3S MARINGA;CTE-5437;FRETE DE TERCEIROS;3071.9;-3071.9; CTE 5437 -  DOCUMENTO ELETRÔNICO REFERENCIADO;G&S TRANSPORTE LOGISTICA E LOCACAO DE MAQUINAS E EQUIPAMENTO;5437-2/57;2026-05-20;2026-06-15 00:00:00;SAGI;Saídas (Aplicações)
002944;G3S MARINGA;CTE-5438;FRETE DE TERCEIROS;3071.9;-3071.9; CTE 5438 -  DOCUMENTO ELETRÔNICO REFERENCIADO;G&S TRANSPORTE LOGISTICA E LOCACAO DE MAQUINAS E EQUIPAMENTO;5438-2/57;2026-05-20;2026-06-15 00:00:00;SAGI;Saídas (Aplicações)
001744;G3S PRUDENTE;CTE-1133;TRANSPORTE DE SUCATA;12998.02;-12998.02; -  DOCUMENTO ELETRÔNICO REFERENCIADO;GSL LOGISTICA E TRANSPORTE LTDA;1133-1/57;2026-05-21;2026-06-05 00:00:00;SAGI;Saídas (Aplicações)
001917;G3S MARINGA;CTE-1134;TRANSPORTE DE SUCATA;11189.4;-11189.4; CTE 1134 -  DOCUMENTO ELETRÔNICO REFERENCIADO;GSL LOGISTICA E TRANSPORTE LTDA;1134-1/57;2026-05-21;2026-06-10 00:00:00;SAGI;Saídas (Aplicações)
001743;G3S PRUDENTE;CTE-1135;TRANSPORTE DE SUCATA;12882.6;-12882.6; -  DOCUMENTO ELETRÔNICO REFERENCIADO;GSL LOGISTICA E TRANSPORTE LTDA;1135-1/57;2026-05-21;2026-06-05 00:00:00;SAGI;Saídas (Aplicações)
001736;G3S PRUDENTE;CTE-1136;TRANSPORTE DE SUCATA;19504.93;-19504.93; -  DOCUMENTO ELETRÔNICO REFERENCIADO;GSL LOGISTICA E TRANSPORTE LTDA;1136-1/57;2026-05-21;2026-06-05 00:00:00;SAGI;Saídas (Aplicações)
001735;G3S PRUDENTE;CTE-1137;TRANSPORTE DE SUCATA;13505.68;-13505.68; -  DOCUMENTO ELETRÔNICO REFERENCIADO;GSL LOGISTICA E TRANSPORTE LTDA;1137-1/57;2026-05-21;2026-06-05 00:00:00;SAGI;Saídas (Aplicações)
001916;G3S MARINGA;CTE-1138;TRANSPORTE DE SUCATA;10665.8;-10665.8; CTE 1138 -  DOCUMENTO ELETRÔNICO REFERENCIADO;GSL LOGISTICA E TRANSPORTE LTDA;1138-1/57;2026-05-21;2026-06-10 00:00:00;SAGI;Saídas (Aplicações)
001734;G3S PRUDENTE;CTE-1139;TRANSPORTE DE SUCATA;13514.1;-13514.1; -  DOCUMENTO ELETRÔNICO REFERENCIADO;GSL LOGISTICA E TRANSPORTE LTDA;1139-1/57;2026-05-21;2026-06-05 00:00:00;SAGI;Saídas (Aplicações)
001915;G3S MARINGA;CTE-1140;TRANSPORTE DE SUCATA;9826.0;-9826; CTE 1140 -  DOCUMENTO ELETRÔNICO REFERENCIADO;GSL LOGISTICA E TRANSPORTE LTDA;1140-1/57;2026-05-21;2026-06-10 00:00:00;SAGI;Saídas (Aplicações)
005103;G3S PRUDENTE;CTE-13598;FRETE DE TERCEIROS;850.0;-850; -  DOCUMENTO ELETRÔNICO REFERENCIADO;G&S TRANSPORTE LOGISTICA E LOCACAO DE MAQUINAS E EQUIPAMENTO;13598-1/57;2026-05-21;2026-06-05 00:00:00;SAGI;Saídas (Aplicações)
005102;G3S PRUDENTE;CTE-13599;FRETE DE TERCEIROS;850.0;-850; -  DOCUMENTO ELETRÔNICO REFERENCIADO;G&S TRANSPORTE LOGISTICA E LOCACAO DE MAQUINAS E EQUIPAMENTO;13599-1/57;2026-05-21;2026-06-05 00:00:00;SAGI;Saídas (Aplicações)
005101;G3S PRUDENTE;CTE-13600;FRETE DE TERCEIROS;850.0;-850; -  DOCUMENTO ELETRÔNICO REFERENCIADO;G&S TRANSPORTE LOGISTICA E LOCACAO DE MAQUINAS E EQUIPAMENTO;13600-1/57;2026-05-21;2026-06-05 00:00:00;SAGI;Saídas (Aplicações)
005100;G3S PRUDENTE;CTE-13601;FRETE DE TERCEIROS;850.0;-850; -  DOCUMENTO ELETRÔNICO REFERENCIADO;G&S TRANSPORTE LOGISTICA E LOCACAO DE MAQUINAS E EQUIPAMENTO;13601-1/57;2026-05-21;2026-06-05 00:00:00;SAGI;Saídas (Aplicações)
001680;G3S PRUDENTE;CTE-13602;FRETE DE TERCEIROS;2624.8;-2624.8; -  DOCUMENTO ELETRÔNICO REFERENCIADO;G&S TRANSPORTE LOGISTICA E LOCACAO DE MAQUINAS E EQUIPAMENTO;13602-1/57;2026-05-21;2026-06-05 00:00:00;SAGI;Saídas (Aplicações)
001679;G3S PRUDENTE;CTE-13603;FRETE DE TERCEIROS;4352.0;-4352; -  DOCUMENTO ELETRÔNICO REFERENCIADO;G&S TRANSPORTE LOGISTICA E LOCACAO DE MAQUINAS E EQUIPAMENTO;13603-1/57;2026-05-21;2026-06-05 00:00:00;SAGI;Saídas (Aplicações)
001608;G3S PRUDENTE;CTE-231;TRANSPORTE DE SUCATA;3873.19;-3873.19; -  DOCUMENTO ELETRÔNICO REFERENCIADO;GSL LOGISTICA E TRANSPORTE LTDA;231-3/57;2026-05-21;;SAGI;Saídas (Aplicações)
001607;G3S PRUDENTE;CTE-232;TRANSPORTE DE SUCATA;3729.38;-3729.38; -  DOCUMENTO ELETRÔNICO REFERENCIADO;GSL LOGISTICA E TRANSPORTE LTDA;232-3/57;2026-05-21;;SAGI;Saídas (Aplicações)
001479;G3S CAMPO GRANDE;CTE-2644;FRETE DE TERCEIROS;1000.0;-1000; -  DOCUMENTO ELETRÔNICO REFERENCIADO;G&S TRANSPORTE LOGISTICA E LOCACAO DE MAQUINAS E EQUIPAMENTO;2644-3/57;2026-05-21;2026-06-11 00:00:00;SAGI;Saídas (Aplicações)
001542;G3S DOURADOS;CTE-2645;FRETE DE TERCEIROS;4978.0;-4978; SERVIVO DE FRETE DE SUCATAS -  DOCUMENTO ELETRÔNICO REFERENCIADO;G&S TRANSPORTE LOGISTICA E LOCACAO DE MAQUINAS E EQUIPAMENTO;2645-3/57;2026-05-21;;SAGI;Saídas (Aplicações)
001541;G3S DOURADOS;CTE-2646;FRETE DE TERCEIROS;1000.0;-1000; SERVICOS DE FRETES DE SUCATAS -  DOCUMENTO ELETRÔNICO REFERENCIADO;G&S TRANSPORTE LOGISTICA E LOCACAO DE MAQUINAS E EQUIPAMENTO;2646-3/57;2026-05-21;;SAGI;Saídas (Aplicações)
001715;G3S PRUDENTE;CTE-351;TRANSPORTE DE SUCATA;13360.0;-13360; -  DOCUMENTO ELETRÔNICO REFERENCIADO;GSL LOGISTICA E TRANSPORTE LTDA;351-2/57;2026-05-21;2026-06-03 00:00:00;SAGI;Saídas (Aplicações)
001606;G3S PRUDENTE;CTE-352;TRANSPORTE DE SUCATA;15219.0;-15219; -  DOCUMENTO ELETRÔNICO REFERENCIADO;GSL LOGISTICA E TRANSPORTE LTDA;352-2/57;2026-05-21;;SAGI;Saídas (Aplicações)
001714;G3S PRUDENTE;CTE-353;TRANSPORTE DE SUCATA;14022.0;-14022; -  DOCUMENTO ELETRÔNICO REFERENCIADO;GSL LOGISTICA E TRANSPORTE LTDA;353-2/57;2026-05-21;2026-06-03 00:00:00;SAGI;Saídas (Aplicações)
001710;G3S MARINGA;CTE-354;TRANSPORTE DE SUCATA;14998.5;-14998.5; CTE 354 -  DOCUMENTO ELETRÔNICO REFERENCIADO;GSL LOGISTICA E TRANSPORTE LTDA;354-2/57;2026-05-21;2026-06-03 00:00:00;SAGI;Saídas (Aplicações)
001713;G3S PRUDENTE;CTE-355;TRANSPORTE DE SUCATA;14535.0;-14535; -  DOCUMENTO ELETRÔNICO REFERENCIADO;GSL LOGISTICA E TRANSPORTE LTDA;355-2/57;2026-05-21;2026-06-03 00:00:00;SAGI;Saídas (Aplicações)
001712;G3S PRUDENTE;CTE-356;TRANSPORTE DE SUCATA;17527.5;-17527.5; -  DOCUMENTO ELETRÔNICO REFERENCIADO;GSL LOGISTICA E TRANSPORTE LTDA;356-2/57;2026-05-21;2026-06-03 00:00:00;SAGI;Saídas (Aplicações)
001711;G3S PRUDENTE;CTE-357;TRANSPORTE DE SUCATA;15714.0;-15714; -  DOCUMENTO ELETRÔNICO REFERENCIADO;GSL LOGISTICA E TRANSPORTE LTDA;357-2/57;2026-05-21;2026-06-03 00:00:00;SAGI;Saídas (Aplicações)
001605;G3S PRUDENTE;CTE-358;TRANSPORTE DE SUCATA;22086.0;-22086; -  DOCUMENTO ELETRÔNICO REFERENCIADO;GSL LOGISTICA E TRANSPORTE LTDA;358-2/57;2026-05-21;;SAGI;Saídas (Aplicações)
002945;G3S MARINGA;CTE-5439;FRETE DE TERCEIROS;850.0;-850; CTE 5439 -  DOCUMENTO ELETRÔNICO REFERENCIADO;G&S TRANSPORTE LOGISTICA E LOCACAO DE MAQUINAS E EQUIPAMENTO;5439-2/57;2026-05-21;2026-06-15 00:00:00;SAGI;Saídas (Aplicações)
002949;G3S MARINGA;CTE-5440;FRETE DE TERCEIROS;3398.3;-3398.3; CTE 5440 -  DOCUMENTO ELETRÔNICO REFERENCIADO;G&S TRANSPORTE LOGISTICA E LOCACAO DE MAQUINAS E EQUIPAMENTO;5440-2/57;2026-05-21;2026-06-15 00:00:00;SAGI;Saídas (Aplicações)
002950;G3S MARINGA;CTE-5441;FRETE DE TERCEIROS;850.0;-850; CTE 5441 -  DOCUMENTO ELETRÔNICO REFERENCIADO;G&S TRANSPORTE LOGISTICA E LOCACAO DE MAQUINAS E EQUIPAMENTO;5441-2/57;2026-05-21;2026-06-15 00:00:00;SAGI;Saídas (Aplicações)
002951;G3S MARINGA;CTE-5442;FRETE DE TERCEIROS;1938.0;-1938; CTE 5442 -  DOCUMENTO ELETRÔNICO REFERENCIADO;G&S TRANSPORTE LOGISTICA E LOCACAO DE MAQUINAS E EQUIPAMENTO;5442-2/57;2026-05-21;2026-06-15 00:00:00;SAGI;Saídas (Aplicações)
001914;G3S MARINGA;CTE-1141;TRANSPORTE DE SUCATA;9598.2;-9598.2; CTE 1141 -  DOCUMENTO ELETRÔNICO REFERENCIADO;GSL LOGISTICA E TRANSPORTE LTDA;1141-1/57;2026-05-22;2026-06-10 00:00:00;SAGI;Saídas (Aplicações)
001913;G3S MARINGA;CTE-1142;TRANSPORTE DE SUCATA;11556.6;-11556.6; CTE 1142 -  DOCUMENTO ELETRÔNICO REFERENCIADO;GSL LOGISTICA E TRANSPORTE LTDA;1142-1/57;2026-05-22;2026-06-10 00:00:00;SAGI;Saídas (Aplicações)
001912;G3S MARINGA;CTE-1143;TRANSPORTE DE SUCATA;11492.0;-11492; CTE 1143 -  DOCUMENTO ELETRÔNICO REFERENCIADO;GSL LOGISTICA E TRANSPORTE LTDA;1143-1/57;2026-05-22;2026-06-10 00:00:00;SAGI;Saídas (Aplicações)
001771;G3S PRUDENTE;CTE-1144;TRANSPORTE DE SUCATA;13539.36;-13539.36; -  DOCUMENTO ELETRÔNICO REFERENCIADO;GSL LOGISTICA E TRANSPORTE LTDA;1144-1/57;2026-05-22;2026-06-08 00:00:00;SAGI;Saídas (Aplicações)
001770;G3S PRUDENTE;CTE-1145;TRANSPORTE DE SUCATA;13850.9;-13850.9; -  DOCUMENTO ELETRÔNICO REFERENCIADO;GSL LOGISTICA E TRANSPORTE LTDA;1145-1/57;2026-05-22;2026-06-08 00:00:00;SAGI;Saídas (Aplicações)
001769;G3S PRUDENTE;CTE-1146;TRANSPORTE DE SUCATA;12996.27;-12996.27; -  DOCUMENTO ELETRÔNICO REFERENCIADO;GSL LOGISTICA E TRANSPORTE LTDA;1146-1/57;2026-05-22;2026-06-08 00:00:00;SAGI;Saídas (Aplicações)
001678;G3S PRUDENTE;CTE-13604;FRETE DE TERCEIROS;4352.0;-4352; -  DOCUMENTO ELETRÔNICO REFERENCIADO;G&S TRANSPORTE LOGISTICA E LOCACAO DE MAQUINAS E EQUIPAMENTO;13604-1/57;2026-05-22;2026-06-05 00:00:00;SAGI;Saídas (Aplicações)
001677;G3S PRUDENTE;CTE-13605;FRETE DE TERCEIROS;4352.0;-4352; -  DOCUMENTO ELETRÔNICO REFERENCIADO;G&S TRANSPORTE LOGISTICA E LOCACAO DE MAQUINAS E EQUIPAMENTO;13605-1/57;2026-05-22;2026-06-05 00:00:00;SAGI;Saídas (Aplicações)
001633;G3S DOURADOS;CTE-233;TRANSPORTE DE SUCATA;14145.6;-14145.6; CTE 233 -  DOCUMENTO ELETRÔNICO REFERENCIADO;GSL LOGISTICA E TRANSPORTE LTDA;233-3/57;2026-05-22;;SAGI;Saídas (Aplicações)
001634;G3S DOURADOS;CTE-234;TRANSPORTE DE SUCATA;18782.4;-18782.4; CTE 234 -  DOCUMENTO ELETRÔNICO REFERENCIADO;GSL LOGISTICA E TRANSPORTE LTDA;234-3/57;2026-05-22;;SAGI;Saídas (Aplicações)
001558;G3S DOURADOS;CTE-2647;FRETE DE COLETA;4482.9;-4482.9; CTE 2647 -  DOCUMENTO ELETRÔNICO REFERENCIADO;G&S TRANSPORTE LOGISTICA E LOCACAO DE MAQUINAS E EQUIPAMENTO;2647-3/57;2026-05-22;;SAGI;Saídas (Aplicações)
001580;G3S MARINGA;CTE-359;TRANSPORTE DE SUCATA;12556.2;-12556.2; CTE 359 -  DOCUMENTO ELETRÔNICO REFERENCIADO;GSL LOGISTICA E TRANSPORTE LTDA;359-2/57;2026-05-22;;SAGI;Saídas (Aplicações)
001579;G3S MARINGA;CTE-360;TRANSPORTE DE SUCATA;14490.8;-14490.8; CTE 306 -  DOCUMENTO ELETRÔNICO REFERENCIADO;GSL LOGISTICA E TRANSPORTE LTDA;360-2/57;2026-05-22;;SAGI;Saídas (Aplicações)
001768;G3S PRUDENTE;CTE-361;TRANSPORTE DE SUCATA;11574.0;-11574; -  DOCUMENTO ELETRÔNICO REFERENCIADO;GSL LOGISTICA E TRANSPORTE LTDA;361-2/57;2026-05-22;2026-06-05 00:00:00;SAGI;Saídas (Aplicações)
001767;G3S PRUDENTE;CTE-362;TRANSPORTE DE SUCATA;4422.0;-4422; -  DOCUMENTO ELETRÔNICO REFERENCIADO;GSL LOGISTICA E TRANSPORTE LTDA;362-2/57;2026-05-22;2026-06-05 00:00:00;SAGI;Saídas (Aplicações)
001765;G3S PRUDENTE;CTE-363;TRANSPORTE DE SUCATA;14337.0;-14337; -  DOCUMENTO ELETRÔNICO REFERENCIADO;GSL LOGISTICA E TRANSPORTE LTDA;363-2/57;2026-05-22;2026-06-05 00:00:00;SAGI;Saídas (Aplicações)
001587;G3S PRUDENTE;CTE-364;TRANSPORTE DE SUCATA;22302.0;-22302; -  DOCUMENTO ELETRÔNICO REFERENCIADO;GSL LOGISTICA E TRANSPORTE LTDA;364-2/57;2026-05-22;;SAGI;Saídas (Aplicações)
001764;G3S PRUDENTE;CTE-365;TRANSPORTE DE SUCATA;13500.0;-13500; -  DOCUMENTO ELETRÔNICO REFERENCIADO;GSL LOGISTICA E TRANSPORTE LTDA;365-2/57;2026-05-22;2026-06-05 00:00:00;SAGI;Saídas (Aplicações)
001585;G3S PRUDENTE;CTE-366;TRANSPORTE DE SUCATA;14400.0;-14400; -  DOCUMENTO ELETRÔNICO REFERENCIADO;GSL LOGISTICA E TRANSPORTE LTDA;366-2/57;2026-05-22;;SAGI;Saídas (Aplicações)
001762;G3S PRUDENTE;CTE-367;TRANSPORTE DE SUCATA;14400.0;-14400; -  DOCUMENTO ELETRÔNICO REFERENCIADO;GSL LOGISTICA E TRANSPORTE LTDA;367-2/57;2026-05-22;2026-06-05 00:00:00;SAGI;Saídas (Aplicações)
001761;G3S PRUDENTE;CTE-368;TRANSPORTE DE SUCATA;14400.0;-14400; -  DOCUMENTO ELETRÔNICO REFERENCIADO;GSL LOGISTICA E TRANSPORTE LTDA;368-2/57;2026-05-22;2026-06-05 00:00:00;SAGI;Saídas (Aplicações)
001760;G3S PRUDENTE;CTE-369;TRANSPORTE DE SUCATA;14400.0;-14400; -  DOCUMENTO ELETRÔNICO REFERENCIADO;GSL LOGISTICA E TRANSPORTE LTDA;369-2/57;2026-05-22;2026-06-05 00:00:00;SAGI;Saídas (Aplicações)
001759;G3S PRUDENTE;CTE-370;TRANSPORTE DE SUCATA;14085.0;-14085; -  DOCUMENTO ELETRÔNICO REFERENCIADO;GSL LOGISTICA E TRANSPORTE LTDA;370-2/57;2026-05-22;2026-06-05 00:00:00;SAGI;Saídas (Aplicações)
001745;G3S PRUDENTE;CTE-371;TRANSPORTE DE SUCATA;14886.0;-14886; -  DOCUMENTO ELETRÔNICO REFERENCIADO;GSL LOGISTICA E TRANSPORTE LTDA;371-2/57;2026-05-22;2026-06-05 00:00:00;SAGI;Saídas (Aplicações)
001766;G3S PRUDENTE;CTE-372;TRANSPORTE DE SUCATA;11434.5;-11434.5; -  DOCUMENTO ELETRÔNICO REFERENCIADO;GSL LOGISTICA E TRANSPORTE LTDA;372-2/57;2026-05-22;2026-06-05 00:00:00;SAGI;Saídas (Aplicações)
001772;G3S PRUDENTE;CTE-373;TRANSPORTE DE SUCATA;14637.2;-14637.2; -  DOCUMENTO ELETRÔNICO REFERENCIADO;GSL LOGISTICA E TRANSPORTE LTDA;373-2/57;2026-05-22;2026-06-08 00:00:00;SAGI;Saídas (Aplicações)
002952;G3S MARINGA;CTE-5443;FRETE DE TERCEIROS;850.0;-850; CTE 5443 -  DOCUMENTO ELETRÔNICO REFERENCIADO;G&S TRANSPORTE LOGISTICA E LOCACAO DE MAQUINAS E EQUIPAMENTO;5443-2/57;2026-05-22;2026-06-15 00:00:00;SAGI;Saídas (Aplicações)
001809;G3S PRUDENTE;CTE-1147;TRANSPORTE DE SUCATA;13105.73;-13105.73; -  DOCUMENTO ELETRÔNICO REFERENCIADO;GSL LOGISTICA E TRANSPORTE LTDA;1147-1/57;2026-05-25;2026-06-09 00:00:00;SAGI;Saídas (Aplicações)
001808;G3S PRUDENTE;CTE-1148;TRANSPORTE DE SUCATA;13909.84;-13909.84; -  DOCUMENTO ELETRÔNICO REFERENCIADO;GSL LOGISTICA E TRANSPORTE LTDA;1148-1/57;2026-05-25;2026-06-09 00:00:00;SAGI;Saídas (Aplicações)
001806;G3S PRUDENTE;CTE-1149;TRANSPORTE DE SUCATA;13720.39;-13720.39; -  DOCUMENTO ELETRÔNICO REFERENCIADO;GSL LOGISTICA E TRANSPORTE LTDA;1149-1/57;2026-05-25;2026-06-09 00:00:00;SAGI;Saídas (Aplicações)
004348;G3S PRUDENTE;CTE-1150;TRANSPORTE DE SUCATA;13560.41;-13560.41; -  DOCUMENTO ELETRÔNICO REFERENCIADO;GSL LOGISTICA E TRANSPORTE LTDA;1150-1/57;2026-05-25;2026-06-16 00:00:00;SAGI;Saídas (Aplicações)
001805;G3S PRUDENTE;CTE-1151;TRANSPORTE DE SUCATA;12579.48;-12579.48; -  DOCUMENTO ELETRÔNICO REFERENCIADO;GSL LOGISTICA E TRANSPORTE LTDA;1151-1/57;2026-05-25;2026-06-09 00:00:00;SAGI;Saídas (Aplicações)
001575;G3S MARINGA;CTE-1152;TRANSPORTE DE SUCATA;10353.0;-10353; CTE 1152 -  DOCUMENTO ELETRÔNICO REFERENCIADO;GSL LOGISTICA E TRANSPORTE LTDA;1152-1/57;2026-05-25;;SAGI;Saídas (Aplicações)
001911;G3S MARINGA;CTE-1153;TRANSPORTE DE SUCATA;9866.8;-9866.8; CTE 1153 -  DOCUMENTO ELETRÔNICO REFERENCIADO;GSL LOGISTICA E TRANSPORTE LTDA;1153-1/57;2026-05-25;2026-06-10 00:00:00;SAGI;Saídas (Aplicações)
005099;G3S PRUDENTE;CTE-13606;FRETE DE TERCEIROS;850.0;-850; -  DOCUMENTO ELETRÔNICO REFERENCIADO;G&S TRANSPORTE LOGISTICA E LOCACAO DE MAQUINAS E EQUIPAMENTO;13606-1/57;2026-05-25;2026-06-05 00:00:00;SAGI;Saídas (Aplicações)
005097;G3S PRUDENTE;CTE-13607;FRETE DE TERCEIROS;850.0;-850; -  DOCUMENTO ELETRÔNICO REFERENCIADO;G&S TRANSPORTE LOGISTICA E LOCACAO DE MAQUINAS E EQUIPAMENTO;13607-1/57;2026-05-25;2026-06-05 00:00:00;SAGI;Saídas (Aplicações)
005093;G3S PRUDENTE;CTE-13608;FRETE DE TERCEIROS;850.0;-850; -  DOCUMENTO ELETRÔNICO REFERENCIADO;G&S TRANSPORTE LOGISTICA E LOCACAO DE MAQUINAS E EQUIPAMENTO;13608-1/57;2026-05-25;2026-06-05 00:00:00;SAGI;Saídas (Aplicações)
005092;G3S PRUDENTE;CTE-13609;FRETE DE TERCEIROS;850.0;-850; -  DOCUMENTO ELETRÔNICO REFERENCIADO;G&S TRANSPORTE LOGISTICA E LOCACAO DE MAQUINAS E EQUIPAMENTO;13609-1/57;2026-05-25;2026-06-05 00:00:00;SAGI;Saídas (Aplicações)
001559;G3S DOURADOS;CTE-2648;FRETE DE COLETA;1000.0;-1000; CTE 2648 -  DOCUMENTO ELETRÔNICO REFERENCIADO;G&S TRANSPORTE LOGISTICA E LOCACAO DE MAQUINAS E EQUIPAMENTO;2648-3/57;2026-05-25;;SAGI;Saídas (Aplicações)
001480;G3S CAMPO GRANDE;CTE-2649;FRETE DE TERCEIROS;1000.0;-1000; SERVICO DE FRETE DE SUCATAS -  DOCUMENTO ELETRÔNICO REFERENCIADO;G&S TRANSPORTE LOGISTICA E LOCACAO DE MAQUINAS E EQUIPAMENTO;2649-3/57;2026-05-25;2026-06-11 00:00:00;SAGI;Saídas (Aplicações)
001773;G3S PRUDENTE;CTE-374;TRANSPORTE DE SUCATA;14787.0;-14787; -  DOCUMENTO ELETRÔNICO REFERENCIADO;GSL LOGISTICA E TRANSPORTE LTDA;374-2/57;2026-05-25;2026-06-08 00:00:00;SAGI;Saídas (Aplicações)
001603;G3S PRUDENTE;CTE-375;TRANSPORTE DE SUCATA;14400.0;-14400; -  DOCUMENTO ELETRÔNICO REFERENCIADO;GSL LOGISTICA E TRANSPORTE LTDA;375-2/57;2026-05-25;;SAGI;Saídas (Aplicações)
001602;G3S PRUDENTE;CTE-376;TRANSPORTE DE SUCATA;14841.0;-14841; -  DOCUMENTO ELETRÔNICO REFERENCIADO;GSL LOGISTICA E TRANSPORTE LTDA;376-2/57;2026-05-25;;SAGI;Saídas (Aplicações)
002953;G3S MARINGA;CTE-5444;FRETE DE TERCEIROS;4357.1;-4357.1; CTE 5444 -  DOCUMENTO ELETRÔNICO REFERENCIADO;G&S TRANSPORTE LOGISTICA E LOCACAO DE MAQUINAS E EQUIPAMENTO;5444-2/57;2026-05-25;2026-06-15 00:00:00;SAGI;Saídas (Aplicações)
002954;G3S MARINGA;CTE-5445;FRETE DE TERCEIROS;850.0;-850; CTE 5445 -  DOCUMENTO ELETRÔNICO REFERENCIADO;G&S TRANSPORTE LOGISTICA E LOCACAO DE MAQUINAS E EQUIPAMENTO;5445-2/57;2026-05-25;2026-06-15 00:00:00;SAGI;Saídas (Aplicações)
002955;G3S MARINGA;CTE-5446;FRETE DE TERCEIROS;850.0;-850; CTE 5446 -  DOCUMENTO ELETRÔNICO REFERENCIADO;G&S TRANSPORTE LOGISTICA E LOCACAO DE MAQUINAS E EQUIPAMENTO;5446-2/57;2026-05-25;2026-06-15 00:00:00;SAGI;Saídas (Aplicações)
002956;G3S MARINGA;CTE-5447;FRETE DE TERCEIROS;850.0;-850; CTE 5447 -  DOCUMENTO ELETRÔNICO REFERENCIADO;G&S TRANSPORTE LOGISTICA E LOCACAO DE MAQUINAS E EQUIPAMENTO;5447-2/57;2026-05-25;2026-06-15 00:00:00;SAGI;Saídas (Aplicações)
002957;G3S MARINGA;CTE-5448;FRETE DE TERCEIROS;850.0;-850; CTE 5448 -  DOCUMENTO ELETRÔNICO REFERENCIADO;G&S TRANSPORTE LOGISTICA E LOCACAO DE MAQUINAS E EQUIPAMENTO;5448-2/57;2026-05-25;2026-06-15 00:00:00;SAGI;Saídas (Aplicações)
004347;G3S PRUDENTE;CTE-1154;TRANSPORTE DE SUCATA;21437.32;-21437.32; -  DOCUMENTO ELETRÔNICO REFERENCIADO;GSL LOGISTICA E TRANSPORTE LTDA;1154-1/57;2026-05-26;2026-06-16 00:00:00;SAGI;Saídas (Aplicações)
001481;G3S CAMPO GRANDE;CTE-2650;FRETE DE TERCEIROS;472.6;-472.6; SERVICO DE FRETE DE SUCATAS -  DOCUMENTO ELETRÔNICO REFERENCIADO;G&S TRANSPORTE LOGISTICA E LOCACAO DE MAQUINAS E EQUIPAMENTO;2650-3/57;2026-05-26;2026-06-11 00:00:00;SAGI;Saídas (Aplicações)
001562;G3S CAMPO GRANDE;CTE-2651;FRETE DE TERCEIROS;1000.0;-1000; SERVICO DE FRETE DE SUCATAS -  DOCUMENTO ELETRÔNICO REFERENCIADO;G&S TRANSPORTE LOGISTICA E LOCACAO DE MAQUINAS E EQUIPAMENTO;2651-3/57;2026-05-26;2026-06-11 00:00:00;SAGI;Saídas (Aplicações)
001563;G3S CAMPO GRANDE;CTE-2652;FRETE DE TERCEIROS;1000.0;-1000; SERVICO DE FRETE DE SUCATAS -  DOCUMENTO ELETRÔNICO REFERENCIADO;G&S TRANSPORTE LOGISTICA E LOCACAO DE MAQUINAS E EQUIPAMENTO;2652-3/57;2026-05-26;2026-06-11 00:00:00;SAGI;Saídas (Aplicações)
001594;G3S PRUDENTE;CTE-377;TRANSPORTE DE SUCATA;21060.0;-21060; -  DOCUMENTO ELETRÔNICO REFERENCIADO;GSL LOGISTICA E TRANSPORTE LTDA;377-2/57;2026-05-26;;SAGI;Saídas (Aplicações)
001620;G3S PRUDENTE;CTE-378;TRANSPORTE DE SUCATA;20209.5;-20209.5; CTE 378 -  DOCUMENTO ELETRÔNICO REFERENCIADO;GSL LOGISTICA E TRANSPORTE LTDA;378-2/57;2026-05-26;;SAGI;Saídas (Aplicações)
001640;G3S PRUDENTE;CTE-379;TRANSPORTE DE SUCATA;21006.0;-21006; CTE 379 -  DOCUMENTO ELETRÔNICO REFERENCIADO;GSL LOGISTICA E TRANSPORTE LTDA;379-2/57;2026-05-26;;SAGI;Saídas (Aplicações)
001639;G3S PRUDENTE;CTE-380;TRANSPORTE DE SUCATA;12780.6;-12780.6; CTE 380 -  DOCUMENTO ELETRÔNICO REFERENCIADO;GSL LOGISTICA E TRANSPORTE LTDA;380-2/57;2026-05-26;;SAGI;Saídas (Aplicações)
001593;G3S PRUDENTE;CTE-381;TRANSPORTE DE SUCATA;20448.0;-20448; -  DOCUMENTO ELETRÔNICO REFERENCIADO;GSL LOGISTICA E TRANSPORTE LTDA;381-2/57;2026-05-26;;SAGI;Saídas (Aplicações)
001642;G3S LONDRINA;CTE-412;TRANSPORTE DE SUCATA;11723.2;-11723.2; -  DOCUMENTO ELETRÔNICO REFERENCIADO;GSL LOGISTICA E TRANSPORTE LTDA;412-2/57;2026-05-26;;SAGI;Saídas (Aplicações)
002958;G3S MARINGA;CTE-5449;FRETE DE TERCEIROS;1033.6;-1033.6; CTE 5449 -  DOCUMENTO ELETRÔNICO REFERENCIADO;G&S TRANSPORTE LOGISTICA E LOCACAO DE MAQUINAS E EQUIPAMENTO;5449-2/57;2026-05-26;2026-06-15 00:00:00;SAGI;Saídas (Aplicações)
002959;G3S MARINGA;CTE-5450;FRETE DE TERCEIROS;850.0;-850; CTE 5450 -  DOCUMENTO ELETRÔNICO REFERENCIADO;G&S TRANSPORTE LOGISTICA E LOCACAO DE MAQUINAS E EQUIPAMENTO;5450-2/57;2026-05-26;2026-06-15 00:00:00;SAGI;Saídas (Aplicações)
002960;G3S MARINGA;CTE-5451;FRETE DE TERCEIROS;850.0;-850; CTE 5451 -  DOCUMENTO ELETRÔNICO REFERENCIADO;G&S TRANSPORTE LOGISTICA E LOCACAO DE MAQUINAS E EQUIPAMENTO;5451-2/57;2026-05-26;2026-06-15 00:00:00;SAGI;Saídas (Aplicações)
002961;G3S MARINGA;CTE-5452;FRETE DE TERCEIROS;850.0;-850; CTE 5452 -  DOCUMENTO ELETRÔNICO REFERENCIADO;G&S TRANSPORTE LOGISTICA E LOCACAO DE MAQUINAS E EQUIPAMENTO;5452-2/57;2026-05-26;2026-06-15 00:00:00;SAGI;Saídas (Aplicações)
004351;G3S PRUDENTE;CTE-1155;TRANSPORTE DE SUCATA;16675.81;-16675.81; CTE 1155 -  DOCUMENTO ELETRÔNICO REFERENCIADO;GSL LOGISTICA E TRANSPORTE LTDA;1155-1/57;2026-05-27;2026-06-16 00:00:00;SAGI;Saídas (Aplicações)
004350;G3S PRUDENTE;CTE-1156;TRANSPORTE DE SUCATA;19458.62;-19458.62; CTE 1156 -  DOCUMENTO ELETRÔNICO REFERENCIADO;GSL LOGISTICA E TRANSPORTE LTDA;1156-1/57;2026-05-27;2026-06-16 00:00:00;SAGI;Saídas (Aplicações)
001810;G3S PRUDENTE;CTE-1157;TRANSPORTE DE SUCATA;13358.33;-13358.33; CTE 1157 -  DOCUMENTO ELETRÔNICO REFERENCIADO;GSL LOGISTICA E TRANSPORTE LTDA;1157-1/57;2026-05-27;2026-06-09 00:00:00;SAGI;Saídas (Aplicações)
005050;G3S PRUDENTE;CTE-1158;TRANSPORTE DE SUCATA;13497.26;-13497.26; CTE 1158 -  DOCUMENTO ELETRÔNICO REFERENCIADO;GSL LOGISTICA E TRANSPORTE LTDA;1158-1/57;2026-05-27;2026-06-17 00:00:00;SAGI;Saídas (Aplicações)
005049;G3S PRUDENTE;CTE-1159;TRANSPORTE DE SUCATA;14958.13;-14958.13; CTE 1159 -  DOCUMENTO ELETRÔNICO REFERENCIADO;GSL LOGISTICA E TRANSPORTE LTDA;1159-1/57;2026-05-27;2026-06-17 00:00:00;SAGI;Saídas (Aplicações)
005104;G3S PRUDENTE;CTE-13610;FRETE DE TERCEIROS;850.0;-850; CTE 13610 -  DOCUMENTO ELETRÔNICO REFERENCIADO;G&S TRANSPORTE LOGISTICA E LOCACAO DE MAQUINAS E EQUIPAMENTO;13610-1/57;2026-05-27;2026-06-05 00:00:00;SAGI;Saídas (Aplicações)
005105;G3S PRUDENTE;CTE-13611;FRETE DE TERCEIROS;850.0;-850; CTE 13611 -  DOCUMENTO ELETRÔNICO REFERENCIADO;G&S TRANSPORTE LOGISTICA E LOCACAO DE MAQUINAS E EQUIPAMENTO;13611-1/57;2026-05-27;2026-06-05 00:00:00;SAGI;Saídas (Aplicações)
002787;G3S CAMPO GRANDE;CTE-2653;FRETE DE TERCEIROS;1000.0;-1000; SERVICO DE FRETE DE SUCATAS -  DOCUMENTO ELETRÔNICO REFERENCIADO;G&S TRANSPORTE LOGISTICA E LOCACAO DE MAQUINAS E EQUIPAMENTO;2653-3/57;2026-05-27;2026-06-15 00:00:00;SAGI;Saídas (Aplicações)
001560;G3S DOURADOS;CTE-2654;FRETE DE COLETA;5040.0;-5040; CTE 2654 -  DOCUMENTO ELETRÔNICO REFERENCIADO;G&S TRANSPORTE LOGISTICA E LOCACAO DE MAQUINAS E EQUIPAMENTO;2654-3/57;2026-05-27;;SAGI;Saídas (Aplicações)
001615;G3S PRUDENTE;CTE-382;TRANSPORTE DE SUCATA;13940.0;-13940; CTE 382 -  DOCUMENTO ELETRÔNICO REFERENCIADO;GSL LOGISTICA E TRANSPORTE LTDA;382-2/57;2026-05-27;;SAGI;Saídas (Aplicações)
001638;G3S PRUDENTE;CTE-383;TRANSPORTE DE SUCATA;17001.0;-17001; CTE 383 -  DOCUMENTO ELETRÔNICO REFERENCIADO;GSL LOGISTICA E TRANSPORTE LTDA;383-2/57;2026-05-27;;SAGI;Saídas (Aplicações)
001614;G3S PRUDENTE;CTE-384;TRANSPORTE DE SUCATA;15300.0;-15300; CTE 384 -  DOCUMENTO ELETRÔNICO REFERENCIADO;GSL LOGISTICA E TRANSPORTE LTDA;384-2/57;2026-05-27;;SAGI;Saídas (Aplicações)
001590;G3S PRUDENTE;CTE-385;TRANSPORTE DE SUCATA;14382.0;-14382; -  DOCUMENTO ELETRÔNICO REFERENCIADO;GSL LOGISTICA E TRANSPORTE LTDA;385-2/57;2026-05-27;;SAGI;Saídas (Aplicações)
001609;G3S LONDRINA;CTE-386;TRANSPORTE DE SUCATA;13237.5;-13237.5; -  DOCUMENTO ELETRÔNICO REFERENCIADO;GSL LOGISTICA E TRANSPORTE LTDA;386-2/57;2026-05-27;;SAGI;Saídas (Aplicações)
001812;G3S PRUDENTE;CTE-387;TRANSPORTE DE SUCATA;14139.0;-14139; CTE 387 -  DOCUMENTO ELETRÔNICO REFERENCIADO;GSL LOGISTICA E TRANSPORTE LTDA;387-2/57;2026-05-27;2026-06-09 00:00:00;SAGI;Saídas (Aplicações)
001811;G3S PRUDENTE;CTE-389;TRANSPORTE DE SUCATA;14589.0;-14589; CTE 389 -  DOCUMENTO ELETRÔNICO REFERENCIADO;GSL LOGISTICA E TRANSPORTE LTDA;389-2/57;2026-05-27;2026-06-09 00:00:00;SAGI;Saídas (Aplicações)
001610;G3S LONDRINA;CTE-390;TRANSPORTE DE SUCATA;13766.25;-13766.25; -  DOCUMENTO ELETRÔNICO REFERENCIADO;GSL LOGISTICA E TRANSPORTE LTDA;390-2/57;2026-05-27;;SAGI;Saídas (Aplicações)
001611;G3S LONDRINA;CTE-391;TRANSPORTE DE SUCATA;13290.0;-13290; -  DOCUMENTO ELETRÔNICO REFERENCIADO;GSL LOGISTICA E TRANSPORTE LTDA;391-2/57;2026-05-27;;SAGI;Saídas (Aplicações)
001636;G3S PRUDENTE;CTE-392;TRANSPORTE DE SUCATA;20862.0;-20862; CTE 392 -  DOCUMENTO ELETRÔNICO REFERENCIADO;GSL LOGISTICA E TRANSPORTE LTDA;392-2/57;2026-05-27;;SAGI;Saídas (Aplicações)
001612;G3S LONDRINA;CTE-393;TRANSPORTE DE SUCATA;11955.0;-11955; -  DOCUMENTO ELETRÔNICO REFERENCIADO;GSL LOGISTICA E TRANSPORTE LTDA;393-2/57;2026-05-27;;SAGI;Saídas (Aplicações)
001635;G3S PRUDENTE;CTE-394;TRANSPORTE DE SUCATA;16452.0;-16452; CTE 394 -  DOCUMENTO ELETRÔNICO REFERENCIADO;GSL LOGISTICA E TRANSPORTE LTDA;394-2/57;2026-05-27;;SAGI;Saídas (Aplicações)
001613;G3S LONDRINA;CTE-395;TRANSPORTE DE SUCATA;11617.5;-11617.5; -  DOCUMENTO ELETRÔNICO REFERENCIADO;GSL LOGISTICA E TRANSPORTE LTDA;395-2/57;2026-05-27;;SAGI;Saídas (Aplicações)
001632;G3S PRUDENTE;CTE-396;TRANSPORTE DE SUCATA;14067.0;-14067; CTE 396 -  DOCUMENTO ELETRÔNICO REFERENCIADO;GSL LOGISTICA E TRANSPORTE LTDA;396-2/57;2026-05-27;;SAGI;Saídas (Aplicações)
001631;G3S PRUDENTE;CTE-397;TRANSPORTE DE SUCATA;15750.0;-15750; CTE 397 -  DOCUMENTO ELETRÔNICO REFERENCIADO;GSL LOGISTICA E TRANSPORTE LTDA;397-2/57;2026-05-27;;SAGI;Saídas (Aplicações)
001617;G3S PRUDENTE;CTE-398;TRANSPORTE DE SUCATA;14580.0;-14580; CTE 398 -  DOCUMENTO ELETRÔNICO REFERENCIADO;GSL LOGISTICA E TRANSPORTE LTDA;398-2/57;2026-05-27;;SAGI;Saídas (Aplicações)
001616;G3S PRUDENTE;CTE-399;TRANSPORTE DE SUCATA;14044.5;-14044.5; CTE 399 -  DOCUMENTO ELETRÔNICO REFERENCIADO;GSL LOGISTICA E TRANSPORTE LTDA;399-2/57;2026-05-27;;SAGI;Saídas (Aplicações)
001630;G3S PRUDENTE;CTE-400;TRANSPORTE DE SUCATA;14931.0;-14931; CTE 400 -  DOCUMENTO ELETRÔNICO REFERENCIADO;GSL LOGISTICA E TRANSPORTE LTDA;400-2/57;2026-05-27;;SAGI;Saídas (Aplicações)
002962;G3S MARINGA;CTE-5453;FRETE DE TERCEIROS;850.0;-850; CTE 5453 -  DOCUMENTO ELETRÔNICO REFERENCIADO;G&S TRANSPORTE LOGISTICA E LOCACAO DE MAQUINAS E EQUIPAMENTO;5453-2/57;2026-05-27;2026-06-15 00:00:00;SAGI;Saídas (Aplicações)
002963;G3S MARINGA;CTE-5454;FRETE DE TERCEIROS;850.0;-850; CTE 5454 -  DOCUMENTO ELETRÔNICO REFERENCIADO;G&S TRANSPORTE LOGISTICA E LOCACAO DE MAQUINAS E EQUIPAMENTO;5454-2/57;2026-05-27;2026-06-15 00:00:00;SAGI;Saídas (Aplicações)
002964;G3S MARINGA;CTE-5455;FRETE DE TERCEIROS;1144.1;-1144.1; CTE 5455 -  DOCUMENTO ELETRÔNICO REFERENCIADO;G&S TRANSPORTE LOGISTICA E LOCACAO DE MAQUINAS E EQUIPAMENTO;5455-2/57;2026-05-27;2026-06-15 00:00:00;SAGI;Saídas (Aplicações)
002965;G3S MARINGA;CTE-5456;FRETE DE TERCEIROS;850.0;-850; CTE 5456 -  DOCUMENTO ELETRÔNICO REFERENCIADO;G&S TRANSPORTE LOGISTICA E LOCACAO DE MAQUINAS E EQUIPAMENTO;5456-2/57;2026-05-27;2026-06-15 00:00:00;SAGI;Saídas (Aplicações)
002966;G3S MARINGA;CTE-5457;FRETE DE TERCEIROS;1881.9;-1881.9; CTE 5457 -  DOCUMENTO ELETRÔNICO REFERENCIADO;G&S TRANSPORTE LOGISTICA E LOCACAO DE MAQUINAS E EQUIPAMENTO;5457-2/57;2026-05-27;2026-06-15 00:00:00;SAGI;Saídas (Aplicações)
002967;G3S MARINGA;CTE-5458;FRETE DE TERCEIROS;850.0;-850; CTE 5458 -  DOCUMENTO ELETRÔNICO REFERENCIADO;G&S TRANSPORTE LOGISTICA E LOCACAO DE MAQUINAS E EQUIPAMENTO;5458-2/57;2026-05-27;2026-06-15 00:00:00;SAGI;Saídas (Aplicações)
001622;G3S PRUDENTE;CTE-1160;TRANSPORTE DE SUCATA;13215.19;-13215.19; CTE 1160 -  DOCUMENTO ELETRÔNICO REFERENCIADO;GSL LOGISTICA E TRANSPORTE LTDA;1160-1/57;2026-05-28;;SAGI;Saídas (Aplicações)
001621;G3S PRUDENTE;CTE-1161;TRANSPORTE DE SUCATA;13922.47;-13922.47; CTE 1161 -  DOCUMENTO ELETRÔNICO REFERENCIADO;GSL LOGISTICA E TRANSPORTE LTDA;1161-1/57;2026-05-28;;SAGI;Saídas (Aplicações)
002788;G3S CAMPO GRANDE;CTE-2655;FRETE DE COLETA;1000.0;-1000; SERVICO DE FRETE DE SUCATAS -  DOCUMENTO ELETRÔNICO REFERENCIADO;G&S TRANSPORTE LOGISTICA E LOCACAO DE MAQUINAS E EQUIPAMENTO;2655-3/57;2026-05-28;2026-06-15 00:00:00;SAGI;Saídas (Aplicações)
001561;G3S DOURADOS;CTE-2656;FRETE DE COLETA;5128.0;-5128; CTE 2656 -  DOCUMENTO ELETRÔNICO REFERENCIADO;G&S TRANSPORTE LOGISTICA E LOCACAO DE MAQUINAS E EQUIPAMENTO;2656-3/57;2026-05-28;;SAGI;Saídas (Aplicações)
001618;G3S LONDRINA;CTE-401;TRANSPORTE DE SUCATA;13560.0;-13560; -  DOCUMENTO ELETRÔNICO REFERENCIADO;GSL LOGISTICA E TRANSPORTE LTDA;401-2/57;2026-05-28;;SAGI;Saídas (Aplicações)
001629;G3S MARINGA;CTE-402;TRANSPORTE DE SUCATA;14418.0;-14418; -  DOCUMENTO ELETRÔNICO REFERENCIADO;GSL LOGISTICA E TRANSPORTE LTDA;402-2/57;2026-05-28;;SAGI;Saídas (Aplicações)
001619;G3S LONDRINA;CTE-404;TRANSPORTE DE SUCATA;12442.5;-12442.5; -  DOCUMENTO ELETRÔNICO REFERENCIADO;GSL LOGISTICA E TRANSPORTE LTDA;404-2/57;2026-05-28;;SAGI;Saídas (Aplicações)
001628;G3S PRUDENTE;CTE-405;TRANSPORTE DE SUCATA;12600.0;-12600; CTE 405 -  DOCUMENTO ELETRÔNICO REFERENCIADO;GSL LOGISTICA E TRANSPORTE LTDA;405-2/57;2026-05-28;;SAGI;Saídas (Aplicações)
001624;G3S MARINGA;CTE-406;TRANSPORTE DE SUCATA;11760.0;-11760; -  DOCUMENTO ELETRÔNICO REFERENCIADO;GSL LOGISTICA E TRANSPORTE LTDA;406-2/57;2026-05-28;;SAGI;Saídas (Aplicações)
001627;G3S PRUDENTE;CTE-407;TRANSPORTE DE SUCATA;22027.5;-22027.5; CTE 407 -  DOCUMENTO ELETRÔNICO REFERENCIADO;GSL LOGISTICA E TRANSPORTE LTDA;407-2/57;2026-05-28;;SAGI;Saídas (Aplicações)
001625;G3S PRUDENTE;CTE-408;TRANSPORTE DE SUCATA;13500.0;-13500; CTE 408 -  DOCUMENTO ELETRÔNICO REFERENCIADO;GSL LOGISTICA E TRANSPORTE LTDA;408-2/57;2026-05-28;;SAGI;Saídas (Aplicações)
001623;G3S PRUDENTE;CTE-410;TRANSPORTE DE SUCATA;13590.0;-13590; CTE 410 -  DOCUMENTO ELETRÔNICO REFERENCIADO;GSL LOGISTICA E TRANSPORTE LTDA;410-2/57;2026-05-28;;SAGI;Saídas (Aplicações)
001626;G3S MARINGA;CTE-411;TRANSPORTE DE SUCATA;13297.2;-13297.2; -  DOCUMENTO ELETRÔNICO REFERENCIADO;GSL LOGISTICA E TRANSPORTE LTDA;411-2/57;2026-05-28;;SAGI;Saídas (Aplicações)
002973;G3S MARINGA;CTE-5459;FRETE DE COLETA;850.0;-850; -  DOCUMENTO ELETRÔNICO REFERENCIADO;G&S TRANSPORTE LOGISTICA E LOCACAO DE MAQUINAS E EQUIPAMENTO;5459-2/57;2026-05-28;2026-06-15 00:00:00;SAGI;Saídas (Aplicações)
002974;G3S MARINGA;CTE-5460;FRETE DE COLETA;2280.0;-2280; -  DOCUMENTO ELETRÔNICO REFERENCIADO;G&S TRANSPORTE LOGISTICA E LOCACAO DE MAQUINAS E EQUIPAMENTO;5460-2/57;2026-05-28;2026-06-15 00:00:00;SAGI;Saídas (Aplicações)
002975;G3S MARINGA;CTE-5461;FRETE DE COLETA;1317.5;-1317.5; -  DOCUMENTO ELETRÔNICO REFERENCIADO;G&S TRANSPORTE LOGISTICA E LOCACAO DE MAQUINAS E EQUIPAMENTO;5461-2/57;2026-05-28;2026-06-15 00:00:00;SAGI;Saídas (Aplicações)
002976;G3S MARINGA;CTE-5462;FRETE DE COLETA;850.0;-850; -  DOCUMENTO ELETRÔNICO REFERENCIADO;G&S TRANSPORTE LOGISTICA E LOCACAO DE MAQUINAS E EQUIPAMENTO;5462-2/57;2026-05-28;2026-06-15 00:00:00;SAGI;Saídas (Aplicações)
001641;G3S MARINGA;CTE-1163;TRANSPORTE DE SUCATA;13051.0;-13051; -  DOCUMENTO ELETRÔNICO REFERENCIADO;GSL LOGISTICA E TRANSPORTE LTDA;1163-1/57;2026-05-29;;SAGI;Saídas (Aplicações)
005106;G3S PRUDENTE;CTE-13614;FRETE DE COLETA;4352.0;-4352; -  DOCUMENTO ELETRÔNICO REFERENCIADO;G&S TRANSPORTE LOGISTICA E LOCACAO DE MAQUINAS E EQUIPAMENTO;13614-1/57;2026-05-29;2026-06-05 00:00:00;SAGI;Saídas (Aplicações)
002789;G3S CAMPO GRANDE;CTE-2657;FRETE DE COLETA;4908.0;-4908; SERVICO DE FRETE DE SUCATAS -  DOCUMENTO ELETRÔNICO REFERENCIADO;G&S TRANSPORTE LOGISTICA E LOCACAO DE MAQUINAS E EQUIPAMENTO;2657-3/57;2026-05-29;2026-06-15 00:00:00;SAGI;Saídas (Aplicações)
002790;G3S CAMPO GRANDE;CTE-2658;FRETE DE COLETA;1000.0;-1000; SERVICO DE RETE DE SUCATAS -  DOCUMENTO ELETRÔNICO REFERENCIADO;G&S TRANSPORTE LOGISTICA E LOCACAO DE MAQUINAS E EQUIPAMENTO;2658-3/57;2026-05-29;2026-06-15 00:00:00;SAGI;Saídas (Aplicações)
002791;G3S CAMPO GRANDE;CTE-2659;FRETE DE COLETA;1000.0;-1000; SERVICO DE RETE DE SUCATAS -  DOCUMENTO ELETRÔNICO REFERENCIADO;G&S TRANSPORTE LOGISTICA E LOCACAO DE MAQUINAS E EQUIPAMENTO;2659-3/57;2026-05-29;2026-06-15 00:00:00;SAGI;Saídas (Aplicações)
002792;G3S CAMPO GRANDE;CTE-2660;FRETE DE COLETA;1000.0;-1000; SERVICO DE RETE DE SUCATAS -  DOCUMENTO ELETRÔNICO REFERENCIADO;G&S TRANSPORTE LOGISTICA E LOCACAO DE MAQUINAS E EQUIPAMENTO;2660-3/57;2026-05-29;2026-06-15 00:00:00;SAGI;Saídas (Aplicações)
002793;G3S CAMPO GRANDE;CTE-2661;FRETE DE COLETA;1000.0;-1000; SERVICO DE RETE DE SUCATAS -  DOCUMENTO ELETRÔNICO REFERENCIADO;G&S TRANSPORTE LOGISTICA E LOCACAO DE MAQUINAS E EQUIPAMENTO;2661-3/57;2026-05-29;2026-06-15 00:00:00;SAGI;Saídas (Aplicações)
002794;G3S CAMPO GRANDE;CTE-2662;FRETE DE COLETA;1000.0;-1000; SERVICO DE RETE DE SUCATAS -  DOCUMENTO ELETRÔNICO REFERENCIADO;G&S TRANSPORTE LOGISTICA E LOCACAO DE MAQUINAS E EQUIPAMENTO;2662-3/57;2026-05-29;2026-06-15 00:00:00;SAGI;Saídas (Aplicações)
001637;G3S PRUDENTE;CTE-388;TRANSPORTE DE SUCATA;22122.0;-22122; CTE 388 -  DOCUMENTO ELETRÔNICO REFERENCIADO;GSL LOGISTICA E TRANSPORTE LTDA;388-2/57;2026-05-29;;SAGI;Saídas (Aplicações)
001646;G3S PRUDENTE;CTE-413;TRANSPORTE DE SUCATA;15900.0;-15900; CTE 413 -  DOCUMENTO ELETRÔNICO REFERENCIADO;GSL LOGISTICA E TRANSPORTE LTDA;413-2/57;2026-05-29;;SAGI;Saídas (Aplicações)
001643;G3S LONDRINA;CTE-414;TRANSPORTE DE SUCATA;12566.4;-12566.4; -  DOCUMENTO ELETRÔNICO REFERENCIADO;GSL LOGISTICA E TRANSPORTE LTDA;414-2/57;2026-05-29;;SAGI;Saídas (Aplicações)
001644;G3S LONDRINA;CTE-415;TRANSPORTE DE SUCATA;11104.4;-11104.4; -  DOCUMENTO ELETRÔNICO REFERENCIADO;GSL LOGISTICA E TRANSPORTE LTDA;415-2/57;2026-05-29;;SAGI;Saídas (Aplicações)
002969;G3S MARINGA;CTE-5463;FRETE DE COLETA;2108.0;-2108; -  DOCUMENTO ELETRÔNICO REFERENCIADO;G&S TRANSPORTE LOGISTICA E LOCACAO DE MAQUINAS E EQUIPAMENTO;5463-2/57;2026-05-29;2026-06-15 00:00:00;SAGI;Saídas (Aplicações)
002970;G3S MARINGA;CTE-5464;FRETE DE COLETA;2410.6;-2410.6; -  DOCUMENTO ELETRÔNICO REFERENCIADO;G&S TRANSPORTE LOGISTICA E LOCACAO DE MAQUINAS E EQUIPAMENTO;5464-2/57;2026-05-29;2026-06-15 00:00:00;SAGI;Saídas (Aplicações)
002971;G3S MARINGA;CTE-5465;FRETE DE COLETA;850.0;-850; -  DOCUMENTO ELETRÔNICO REFERENCIADO;G&S TRANSPORTE LOGISTICA E LOCACAO DE MAQUINAS E EQUIPAMENTO;5465-2/57;2026-05-29;2026-06-15 00:00:00;SAGI;Saídas (Aplicações)
002972;G3S MARINGA;CTE-5466;FRETE DE COLETA;850.0;-850; -  DOCUMENTO ELETRÔNICO REFERENCIADO;G&S TRANSPORTE LOGISTICA E LOCACAO DE MAQUINAS E EQUIPAMENTO;5466-2/57;2026-05-29;2026-06-15 00:00:00;SAGI;Saídas (Aplicações)
002968;G3S MARINGA;CTE-5467;FRETE DE COLETA;5389.0;-5389; -  DOCUMENTO ELETRÔNICO REFERENCIADO;G&S TRANSPORTE LOGISTICA E LOCACAO DE MAQUINAS E EQUIPAMENTO;5467-2/57;2026-05-29;2026-06-15 00:00:00;SAGI;Saídas (Aplicações)
006336;G3S LONDRINA;CTE-5468;FRETE DE COLETA;850.0;-850; -  DOCUMENTO ELETRÔNICO REFERENCIADO;G&S TRANSPORTE LOGISTICA E LOCACAO DE MAQUINAS E EQUIPAMENTO;5468-2/57;2026-05-29;2026-06-08 00:00:00;SAGI;Saídas (Aplicações)
001645;G3S LONDRINA;CTE-416;TRANSPORTE DE SUCATA;11801.4;-11801.4; -  DOCUMENTO ELETRÔNICO REFERENCIADO;GSL LOGISTICA E TRANSPORTE LTDA;416-2/57;2026-05-30;;SAGI;Saídas (Aplicações)
